-- phpMyAdmin SQL Dump
-- version 4.7.9
-- https://www.phpmyadmin.net/
--
-- Anamakine: 127.0.0.1:3306
-- Üretim Zamanı: 16 Ağu 2019, 08:50:34
-- Sunucu sürümü: 5.7.21
-- PHP Sürümü: 7.2.4

SET SQL_MODE = "NO_AUTO_VALUE_ON_ZERO";
SET AUTOCOMMIT = 0;
START TRANSACTION;
SET time_zone = "+00:00";


/*!40101 SET @OLD_CHARACTER_SET_CLIENT=@@CHARACTER_SET_CLIENT */;
/*!40101 SET @OLD_CHARACTER_SET_RESULTS=@@CHARACTER_SET_RESULTS */;
/*!40101 SET @OLD_COLLATION_CONNECTION=@@COLLATION_CONNECTION */;
/*!40101 SET NAMES utf8mb4 */;

--
-- Veritabanı: `eapi`
--

-- --------------------------------------------------------

--
-- Tablo için tablo yapısı `migrations`
--

DROP TABLE IF EXISTS `migrations`;
CREATE TABLE IF NOT EXISTS `migrations` (
  `id` int(10) UNSIGNED NOT NULL AUTO_INCREMENT,
  `migration` varchar(255) COLLATE utf8mb4_unicode_ci NOT NULL,
  `batch` int(11) NOT NULL,
  PRIMARY KEY (`id`)
) ENGINE=InnoDB AUTO_INCREMENT=5 DEFAULT CHARSET=utf8mb4 COLLATE=utf8mb4_unicode_ci;

--
-- Tablo döküm verisi `migrations`
--

INSERT INTO `migrations` (`id`, `migration`, `batch`) VALUES
(1, '2014_10_12_000000_create_users_table', 1),
(2, '2014_10_12_100000_create_password_resets_table', 1),
(3, '2019_08_15_222343_create_products_table', 1),
(4, '2019_08_15_222432_create_reviews_table', 1);

-- --------------------------------------------------------

--
-- Tablo için tablo yapısı `password_resets`
--

DROP TABLE IF EXISTS `password_resets`;
CREATE TABLE IF NOT EXISTS `password_resets` (
  `email` varchar(255) COLLATE utf8mb4_unicode_ci NOT NULL,
  `token` varchar(255) COLLATE utf8mb4_unicode_ci NOT NULL,
  `created_at` timestamp NULL DEFAULT NULL,
  KEY `password_resets_email_index` (`email`)
) ENGINE=InnoDB DEFAULT CHARSET=utf8mb4 COLLATE=utf8mb4_unicode_ci;

-- --------------------------------------------------------

--
-- Tablo için tablo yapısı `products`
--

DROP TABLE IF EXISTS `products`;
CREATE TABLE IF NOT EXISTS `products` (
  `id` int(10) UNSIGNED NOT NULL AUTO_INCREMENT,
  `name` varchar(255) COLLATE utf8mb4_unicode_ci NOT NULL,
  `detail` text COLLATE utf8mb4_unicode_ci NOT NULL,
  `price` int(11) NOT NULL,
  `stock` int(11) NOT NULL,
  `discount` int(11) NOT NULL,
  `created_at` timestamp NULL DEFAULT NULL,
  `updated_at` timestamp NULL DEFAULT NULL,
  PRIMARY KEY (`id`)
) ENGINE=InnoDB AUTO_INCREMENT=51 DEFAULT CHARSET=utf8mb4 COLLATE=utf8mb4_unicode_ci;

--
-- Tablo döküm verisi `products`
--

INSERT INTO `products` (`id`, `name`, `detail`, `price`, `stock`, `discount`, `created_at`, `updated_at`) VALUES
(1, 'maxime', 'Officiis error sit aut optio modi quia velit. Quaerat ut iste corporis quia sed sit delectus. Ipsum voluptas sed necessitatibus quisquam.', 466, 6, 25, '2019-08-16 05:47:05', '2019-08-16 05:47:05'),
(2, 'nihil', 'In corrupti eligendi impedit impedit similique. Voluptate similique voluptatem placeat doloremque voluptatum sit. Necessitatibus laboriosam sint fugit rerum.', 790, 9, 26, '2019-08-16 05:47:05', '2019-08-16 05:47:05'),
(3, 'similique', 'Natus rem natus et sit inventore. Perferendis occaecati deleniti perspiciatis beatae voluptatem quibusdam qui. Unde dolorem aliquam id ipsum sed et.', 509, 1, 10, '2019-08-16 05:47:05', '2019-08-16 05:47:05'),
(4, 'quam', 'A dolores recusandae vel et tenetur. Maxime natus provident iste expedita. Quas nostrum rem minima iure.', 266, 5, 28, '2019-08-16 05:47:05', '2019-08-16 05:47:05'),
(5, 'laudantium', 'Id soluta atque a placeat consequatur. Odit veniam ipsa magni sequi maiores dolorum. Odio et voluptatum ratione aspernatur eius.', 954, 8, 24, '2019-08-16 05:47:05', '2019-08-16 05:47:05'),
(6, 'eum', 'Maiores sit quis est non numquam aliquam dicta corrupti. Consequatur ullam fuga similique assumenda qui nisi. Cupiditate qui dolores sed a suscipit.', 411, 2, 19, '2019-08-16 05:47:05', '2019-08-16 05:47:05'),
(7, 'hic', 'Vero dicta ea consequatur autem omnis culpa dolore. Voluptatem est molestias quis ut adipisci. Aut labore exercitationem omnis voluptatibus recusandae ut aut.', 198, 9, 22, '2019-08-16 05:47:05', '2019-08-16 05:47:05'),
(8, 'repudiandae', 'Quo ut repellendus voluptas. In culpa minima et error quasi et. Fugit consequatur nihil non et atque. Voluptatibus a in et consequatur similique ea eveniet.', 882, 7, 6, '2019-08-16 05:47:05', '2019-08-16 05:47:05'),
(9, 'delectus', 'Ab incidunt esse error et. Consectetur autem veniam impedit eius rem.', 617, 0, 13, '2019-08-16 05:47:05', '2019-08-16 05:47:05'),
(10, 'ducimus', 'Delectus et velit exercitationem laborum fugiat repudiandae. Modi hic nisi nobis dicta. Porro voluptatem reprehenderit aliquam omnis tempore consequatur. Nihil possimus iure iste et nihil.', 452, 9, 29, '2019-08-16 05:47:05', '2019-08-16 05:47:05'),
(11, 'cupiditate', 'Similique harum ut adipisci ut sit cum labore. Sit magnam consequatur voluptatibus autem. Aliquam placeat voluptatem culpa sed quia soluta asperiores.', 598, 1, 29, '2019-08-16 05:47:05', '2019-08-16 05:47:05'),
(12, 'excepturi', 'Libero sapiente vel voluptatibus quas voluptatum in quo. Fugiat ullam perferendis aut sit dolores. Minima blanditiis adipisci officia velit quidem. Officiis nihil quis nulla adipisci veritatis.', 928, 7, 25, '2019-08-16 05:47:05', '2019-08-16 05:47:05'),
(13, 'natus', 'Fugiat harum nam recusandae qui quo error. Rerum id blanditiis nemo vel nostrum deleniti facere. Officiis ea accusantium sunt temporibus.', 877, 8, 9, '2019-08-16 05:47:05', '2019-08-16 05:47:05'),
(14, 'sunt', 'Amet quis ratione consequatur qui nobis omnis voluptates. Ea quaerat pariatur est quo occaecati sunt. Enim occaecati repellat temporibus ab consequatur cum nihil et. Voluptatem et autem sit.', 933, 6, 6, '2019-08-16 05:47:05', '2019-08-16 05:47:05'),
(15, 'non', 'Rerum nostrum culpa et doloremque maiores cumque voluptatum. Dolor adipisci rerum rerum ut. Officiis dolores et reprehenderit cumque nihil qui nobis.', 534, 0, 6, '2019-08-16 05:47:05', '2019-08-16 05:47:05'),
(16, 'temporibus', 'Voluptatem est facere voluptas sint commodi accusantium qui. Error molestiae quidem dolor. Ut sequi et numquam recusandae.', 843, 7, 27, '2019-08-16 05:47:05', '2019-08-16 05:47:05'),
(17, 'unde', 'Atque neque sed provident enim. Ea illum impedit aut officia autem voluptas cupiditate ea. Sunt corporis dolore quaerat atque nisi ut. Veniam optio illo harum nemo odit corporis.', 971, 9, 22, '2019-08-16 05:47:05', '2019-08-16 05:47:05'),
(18, 'necessitatibus', 'Quis quas omnis exercitationem minus id ipsam. Cum ut et est neque eum ea. Aut quia autem est sunt.', 557, 2, 4, '2019-08-16 05:47:05', '2019-08-16 05:47:05'),
(19, 'debitis', 'Dignissimos aut asperiores nihil ea explicabo possimus nihil. Corporis quia ullam temporibus. Qui iste et consequuntur et modi officiis. Sed aut rerum sed quae inventore porro quia sed.', 549, 6, 8, '2019-08-16 05:47:05', '2019-08-16 05:47:05'),
(20, 'cum', 'Est iusto unde laboriosam nulla. Ad nihil rerum consectetur consequuntur similique. Iusto tempora omnis omnis nulla. Est ea quis optio ut voluptas inventore.', 965, 4, 7, '2019-08-16 05:47:05', '2019-08-16 05:47:05'),
(21, 'doloremque', 'Quos repellat voluptas ab sed quo. Error architecto deserunt accusamus autem exercitationem modi commodi. Ab nemo omnis facilis aspernatur non et.', 914, 1, 2, '2019-08-16 05:47:05', '2019-08-16 05:47:05'),
(22, 'omnis', 'Porro fugiat optio illum distinctio aut. Inventore rem aliquid nobis nostrum optio. Ut ut veniam pariatur magnam nemo libero nam. Corporis et rem rerum ex sed repellendus. Sed exercitationem ipsum temporibus dolorem aut doloribus in.', 751, 6, 5, '2019-08-16 05:47:05', '2019-08-16 05:47:05'),
(23, 'a', 'Cumque asperiores quisquam sit voluptas nam et. Maxime officia id et voluptatum quod. Quasi illum deserunt quia et. Quis placeat eligendi ducimus voluptates.', 253, 0, 24, '2019-08-16 05:47:05', '2019-08-16 05:47:05'),
(24, 'qui', 'Iure ut itaque hic sint est quam qui. Iure quibusdam et sunt nesciunt. Sint ullam voluptatem minima modi porro quia qui. Delectus temporibus nemo dignissimos animi maxime ut.', 831, 6, 17, '2019-08-16 05:47:05', '2019-08-16 05:47:05'),
(25, 'aut', 'Distinctio eos rem sapiente fugit tempore. Nobis aspernatur doloribus tempora culpa sit.', 777, 6, 27, '2019-08-16 05:47:05', '2019-08-16 05:47:05'),
(26, 'fugiat', 'Quis vel neque possimus. Repellat dignissimos illum qui laborum deleniti et fuga. Voluptatem eum sed nemo sint amet praesentium cum. Voluptatem maiores ut voluptates suscipit. Aut natus facere nihil commodi itaque enim.', 182, 3, 16, '2019-08-16 05:47:05', '2019-08-16 05:47:05'),
(27, 'omnis', 'Dicta in vitae ipsam eum sit accusamus. Sint nemo molestiae error officia voluptate. Animi quae ut omnis perspiciatis eligendi saepe a.', 650, 3, 24, '2019-08-16 05:47:05', '2019-08-16 05:47:05'),
(28, 'velit', 'Et quisquam quaerat voluptate molestiae. Officia minus dolorem rerum quas dolore iste omnis voluptate. Expedita illum qui placeat ipsum temporibus nostrum. Repellendus quia earum illum illo.', 916, 1, 25, '2019-08-16 05:47:05', '2019-08-16 05:47:05'),
(29, 'magni', 'Esse voluptatem in sint reprehenderit libero. Dolores provident sit iure rerum in molestiae. Fugit et explicabo ea perspiciatis doloremque blanditiis laboriosam laborum. Ad incidunt voluptas ut cumque eveniet quos in illum.', 871, 3, 7, '2019-08-16 05:47:05', '2019-08-16 05:47:05'),
(30, 'rerum', 'Consectetur sed delectus et ipsam ipsa illo. Eum a dolores et. Qui nihil velit veritatis.', 604, 2, 26, '2019-08-16 05:47:05', '2019-08-16 05:47:05'),
(31, 'provident', 'Laboriosam odio atque ut explicabo quis possimus officiis ut. Consequatur eum nesciunt omnis excepturi. Quis sit quod officiis quibusdam est est est.', 319, 2, 19, '2019-08-16 05:47:05', '2019-08-16 05:47:05'),
(32, 'sint', 'Voluptas ut omnis exercitationem dolore alias. Id sed similique praesentium voluptatem dolores voluptas. Ut quidem sed in ut laborum dolores expedita.', 684, 8, 20, '2019-08-16 05:47:05', '2019-08-16 05:47:05'),
(33, 'deserunt', 'Ullam repudiandae quidem quia. Reprehenderit praesentium consectetur consequuntur cum veritatis. Asperiores odio aut illum ab modi. Iste mollitia dicta culpa omnis.', 832, 9, 27, '2019-08-16 05:47:05', '2019-08-16 05:47:05'),
(34, 'et', 'Voluptatem necessitatibus enim est corrupti quis aut in. Blanditiis quia maxime minima doloremque et maxime. Culpa voluptatem quis ducimus. Et quasi dignissimos dolor.', 784, 2, 18, '2019-08-16 05:47:05', '2019-08-16 05:47:05'),
(35, 'aut', 'Quibusdam explicabo qui nulla. Quasi laboriosam natus quisquam ducimus aut. Ipsa odio odit est aut.', 504, 5, 18, '2019-08-16 05:47:05', '2019-08-16 05:47:05'),
(36, 'molestias', 'Fuga sit illo aut possimus. Iusto maxime eos beatae magni aliquam nesciunt. Est qui excepturi cupiditate ad iusto. Amet occaecati natus et adipisci.', 739, 9, 10, '2019-08-16 05:47:05', '2019-08-16 05:47:05'),
(37, 'quia', 'Nam ut consequatur alias nostrum laudantium rerum rerum. Minus aperiam culpa rerum non est doloribus doloremque veniam.', 101, 4, 22, '2019-08-16 05:47:05', '2019-08-16 05:47:05'),
(38, 'quas', 'Architecto quis beatae corrupti ipsum. Voluptatem enim et voluptas voluptatibus reiciendis qui quo. Accusamus mollitia in rerum explicabo quia.', 446, 7, 13, '2019-08-16 05:47:05', '2019-08-16 05:47:05'),
(39, 'possimus', 'Nulla omnis ipsum voluptatem commodi. Distinctio accusantium maxime quis quisquam. Rerum ullam eos et.', 373, 4, 30, '2019-08-16 05:47:05', '2019-08-16 05:47:05'),
(40, 'a', 'Ullam reprehenderit amet voluptas sed repellendus enim ut. Laboriosam minus rerum deleniti necessitatibus ratione animi aut. Harum quo aliquid excepturi quisquam. Facere unde exercitationem ad omnis ullam tenetur. Quasi consequatur aperiam praesentium corporis doloremque dolor magni.', 147, 4, 21, '2019-08-16 05:47:05', '2019-08-16 05:47:05'),
(41, 'quisquam', 'Omnis aliquid qui doloribus laboriosam voluptas. Quos ut quidem harum deserunt et vero et facere. Quis explicabo dolorum cum eaque. Vel voluptatem reiciendis magni aut molestias.', 330, 7, 24, '2019-08-16 05:47:05', '2019-08-16 05:47:05'),
(42, 'voluptas', 'Aut ad excepturi natus velit ea corrupti quis dolorem. Omnis laudantium molestiae necessitatibus est. Est sunt autem est vel explicabo voluptates. Autem aut porro et cum aspernatur et.', 921, 3, 19, '2019-08-16 05:47:05', '2019-08-16 05:47:05'),
(43, 'magnam', 'Quo assumenda natus ab vel officia est officiis. Laudantium odit nesciunt dicta. Nobis est vitae itaque commodi aut nemo.', 398, 9, 23, '2019-08-16 05:47:05', '2019-08-16 05:47:05'),
(44, 'qui', 'Occaecati est qui consequatur veritatis ex reiciendis. Recusandae et ab alias aliquid quia excepturi.', 151, 4, 25, '2019-08-16 05:47:05', '2019-08-16 05:47:05'),
(45, 'reiciendis', 'Optio earum aperiam aut repellendus. Accusantium beatae pariatur eos non eum aut. Velit et recusandae dolore rerum qui.', 533, 1, 10, '2019-08-16 05:47:05', '2019-08-16 05:47:05'),
(46, 'eveniet', 'Officiis distinctio eos cumque non recusandae. Aliquam ut sint doloribus qui ut. Non maxime provident voluptas incidunt voluptas atque fugit veritatis. Ipsum aut ipsum a et minus sed id.', 177, 1, 3, '2019-08-16 05:47:05', '2019-08-16 05:47:05'),
(47, 'et', 'Nisi sed unde consequuntur voluptatem. Laboriosam consequatur ipsa neque quia officia officiis quo. Est corporis et repudiandae est. Ex occaecati et sed ut rerum aliquid.', 304, 4, 2, '2019-08-16 05:47:05', '2019-08-16 05:47:05'),
(48, 'ut', 'Harum vel omnis magni et autem voluptatem culpa. Provident eos adipisci ullam est dolorem.', 576, 3, 13, '2019-08-16 05:47:05', '2019-08-16 05:47:05'),
(49, 'voluptatem', 'Vitae nulla consequatur sint possimus soluta a accusamus ut. Rerum ipsam vel eum sed dolor tenetur id. Ut qui qui minima sapiente eum.', 386, 6, 10, '2019-08-16 05:47:05', '2019-08-16 05:47:05'),
(50, 'veniam', 'Voluptatem voluptatibus occaecati animi. Non sunt molestias optio inventore dolore. Neque ut repellendus id.', 893, 3, 18, '2019-08-16 05:47:05', '2019-08-16 05:47:05');

-- --------------------------------------------------------

--
-- Tablo için tablo yapısı `reviews`
--

DROP TABLE IF EXISTS `reviews`;
CREATE TABLE IF NOT EXISTS `reviews` (
  `id` int(10) UNSIGNED NOT NULL AUTO_INCREMENT,
  `product_id` int(10) UNSIGNED NOT NULL,
  `customer` varchar(255) COLLATE utf8mb4_unicode_ci NOT NULL,
  `review` text COLLATE utf8mb4_unicode_ci NOT NULL,
  `star` int(11) NOT NULL,
  `created_at` timestamp NULL DEFAULT NULL,
  `updated_at` timestamp NULL DEFAULT NULL,
  PRIMARY KEY (`id`),
  KEY `reviews_product_id_index` (`product_id`)
) ENGINE=InnoDB AUTO_INCREMENT=301 DEFAULT CHARSET=utf8mb4 COLLATE=utf8mb4_unicode_ci;

--
-- Tablo döküm verisi `reviews`
--

INSERT INTO `reviews` (`id`, `product_id`, `customer`, `review`, `star`, `created_at`, `updated_at`) VALUES
(1, 46, 'Finn Ledner', 'Ab cumque maxime quibusdam alias in ipsum vel. Quia sapiente animi commodi aut amet. Laborum similique iste odit nesciunt corporis totam eius.', 0, '2019-08-16 05:47:05', '2019-08-16 05:47:05'),
(2, 28, 'Layla Littel Sr.', 'Eligendi non animi ea aperiam omnis amet sequi. Ea eveniet veniam iusto.', 0, '2019-08-16 05:47:05', '2019-08-16 05:47:05'),
(3, 13, 'Jane Beahan', 'Ut blanditiis impedit temporibus et. Dolorem aut ut cum aut. Aut et et ipsum aut.', 4, '2019-08-16 05:47:05', '2019-08-16 05:47:05'),
(4, 43, 'Samson Schultz', 'Aut eveniet nesciunt hic hic. Occaecati laboriosam consectetur vel nihil consequuntur. Ipsum ducimus et aut impedit numquam.', 4, '2019-08-16 05:47:05', '2019-08-16 05:47:05'),
(5, 13, 'Dr. Nicola Reinger DVM', 'Et qui illum quo deleniti ducimus impedit. Nostrum consequatur velit omnis sint repudiandae cum non pariatur. Rem quasi est voluptas eius fugiat neque. Omnis expedita quibusdam modi est esse reprehenderit.', 0, '2019-08-16 05:47:05', '2019-08-16 05:47:05'),
(6, 4, 'Leonora Murphy', 'Nesciunt harum rerum nulla est maiores. Provident sed eveniet sit. Molestiae molestias magnam quidem ea quisquam debitis.', 1, '2019-08-16 05:47:05', '2019-08-16 05:47:05'),
(7, 18, 'Prof. Jordan Hilpert', 'Iste non nam quae et dolor. Unde porro consectetur modi qui distinctio blanditiis nulla. Voluptatum perferendis nobis et provident. Tempora velit magnam dolor deleniti tempora. Enim consequatur voluptatem cupiditate iure.', 0, '2019-08-16 05:47:05', '2019-08-16 05:47:05'),
(8, 39, 'Damaris Kulas', 'Nihil neque omnis et voluptatum. Fugiat est voluptates nesciunt consequuntur ut. Sed perspiciatis consequatur velit dolor.', 3, '2019-08-16 05:47:05', '2019-08-16 05:47:05'),
(9, 24, 'Prof. Alexzander Hudson I', 'Dolores minima omnis ea reprehenderit iusto. Fugiat veniam consequuntur labore alias. Id illo laboriosam quae aut esse. Quisquam perspiciatis quaerat magni est.', 4, '2019-08-16 05:47:05', '2019-08-16 05:47:05'),
(10, 22, 'Aileen Tillman', 'Molestias fugiat libero aut nemo. Temporibus reiciendis quidem sed odio. Quas assumenda consequatur quam dolor ab. Suscipit sit adipisci aspernatur voluptate consequatur rerum qui dolore. Ut sint temporibus aut temporibus.', 5, '2019-08-16 05:47:05', '2019-08-16 05:47:05'),
(11, 43, 'Winfield Berge', 'Quis quia et laboriosam beatae non. Ut ut corrupti autem alias. Sit a voluptas commodi.', 3, '2019-08-16 05:47:05', '2019-08-16 05:47:05'),
(12, 39, 'Terrance Crist Jr.', 'Maiores et qui possimus aspernatur quisquam ratione non sunt. Deleniti placeat saepe a. Minus nihil rerum laboriosam reprehenderit optio. Consequatur itaque et temporibus maiores ut quisquam.', 2, '2019-08-16 05:47:05', '2019-08-16 05:47:05'),
(13, 34, 'Rubye Tillman', 'Repellendus et corporis amet ipsa exercitationem voluptate ea. Ex fugit occaecati nesciunt ex quos et. Architecto vitae autem id consequatur officia. Hic autem nam perferendis soluta sit aut officiis neque.', 4, '2019-08-16 05:47:05', '2019-08-16 05:47:05'),
(14, 21, 'Ms. Lempi Graham', 'Sunt itaque quia corrupti. Velit excepturi maxime eos sint veniam. Rerum quae in voluptas error beatae. Sunt inventore qui est quia adipisci.', 1, '2019-08-16 05:47:05', '2019-08-16 05:47:05'),
(15, 30, 'Golden Ernser PhD', 'Et voluptatum sequi quas aut maiores. Non qui eos consequatur dolorem qui error et. Odit aspernatur eos facere voluptatem excepturi corporis. Possimus itaque debitis suscipit sit velit dolorum dolor totam.', 1, '2019-08-16 05:47:05', '2019-08-16 05:47:05'),
(16, 33, 'Dr. Dejon Zemlak', 'Voluptatem quia molestiae soluta corporis omnis amet et. Voluptate quo quasi rerum dolore aut impedit illo. Voluptas omnis sunt repellendus sit unde deleniti expedita.', 4, '2019-08-16 05:47:05', '2019-08-16 05:47:05'),
(17, 40, 'Josiane Schmidt', 'Aspernatur aliquid voluptas voluptates odit qui. Quis est neque sequi et eligendi. Doloremque repudiandae unde voluptate mollitia fuga repudiandae fuga id.', 1, '2019-08-16 05:47:05', '2019-08-16 05:47:05'),
(18, 15, 'Trent Gulgowski', 'Ut et qui enim eius odit assumenda. Illo harum eveniet doloribus blanditiis. Nisi cum totam enim repudiandae quis. Veritatis totam odit omnis vel.', 2, '2019-08-16 05:47:05', '2019-08-16 05:47:05'),
(19, 29, 'Maritza Feil I', 'Aut mollitia veritatis aut ipsam dolores. Ratione corporis beatae eius dolores omnis facilis. Aut suscipit fugiat ut et aut molestias veritatis. Autem at sapiente odio unde amet recusandae aliquam.', 3, '2019-08-16 05:47:05', '2019-08-16 05:47:05'),
(20, 29, 'Ms. Arianna Jaskolski', 'Nihil voluptatem alias ullam itaque omnis veritatis non. Rem perferendis neque ut ut repudiandae sit.', 1, '2019-08-16 05:47:05', '2019-08-16 05:47:05'),
(21, 29, 'Raquel Mante I', 'Excepturi id asperiores laborum culpa. Alias inventore harum voluptates odit voluptatem sed id. Ex non quia voluptatem ut quod veniam repellendus. Non totam doloribus numquam perferendis aut eos.', 4, '2019-08-16 05:47:05', '2019-08-16 05:47:05'),
(22, 47, 'Icie Kilback', 'Dolor dolore voluptatum aut mollitia omnis et sit. Rem minus sit voluptas. Saepe voluptatibus in voluptas dolores est. Laudantium labore dolore doloribus ipsa quis id. Ea cum eligendi quod nulla sed.', 1, '2019-08-16 05:47:05', '2019-08-16 05:47:05'),
(23, 12, 'Prof. Verna Volkman', 'Dolorem fugiat dolores blanditiis et quia voluptas perspiciatis. Et eos dolor et voluptatem. Tempore nihil aliquam corporis at perspiciatis.', 3, '2019-08-16 05:47:05', '2019-08-16 05:47:05'),
(24, 48, 'Johanna Schowalter', 'Sed aperiam magni sint temporibus sequi qui. Aut in qui rerum sed tenetur. Fuga blanditiis velit quia ipsam voluptatem quae quo. Sed aspernatur est error nesciunt aperiam ut dolorem assumenda.', 5, '2019-08-16 05:47:05', '2019-08-16 05:47:05'),
(25, 38, 'Bria Hamill', 'Ut excepturi iusto omnis et et. Ipsam optio tenetur nulla praesentium. Molestias esse similique dolores quod sint. Repellat fugit eos atque.', 3, '2019-08-16 05:47:05', '2019-08-16 05:47:05'),
(26, 20, 'Mrs. Kitty Daniel', 'Sit repudiandae ex sunt est vero. Asperiores dolores voluptate maxime repellendus temporibus numquam laudantium. Ab corrupti perferendis ut tenetur. Eos libero occaecati consequatur est quisquam qui.', 1, '2019-08-16 05:47:05', '2019-08-16 05:47:05'),
(27, 38, 'Deja Purdy DDS', 'Et id fugit voluptates eum cupiditate odit. Ut reprehenderit et veniam aliquam ratione recusandae. In in qui consequatur id in.', 4, '2019-08-16 05:47:05', '2019-08-16 05:47:05'),
(28, 2, 'Dr. Donny Kozey', 'Tenetur et dolorem reiciendis maxime alias labore. Fugit perferendis cumque similique similique. Quo dolorum ut nostrum voluptatibus nam assumenda ut.', 0, '2019-08-16 05:47:05', '2019-08-16 05:47:05'),
(29, 47, 'Prof. Emelia Waelchi', 'Natus vel ut accusamus iusto. Qui omnis fugiat consectetur.', 2, '2019-08-16 05:47:05', '2019-08-16 05:47:05'),
(30, 10, 'Gordon Kuhic', 'Ut et velit laboriosam reprehenderit. Dolor consequatur dicta alias suscipit. Illum porro quia dicta accusantium optio.', 0, '2019-08-16 05:47:05', '2019-08-16 05:47:05'),
(31, 46, 'Lauren Mann', 'Est ea reiciendis numquam hic omnis odio. Omnis doloribus et et nostrum fuga. Amet voluptatem explicabo unde dolores ut. Quia corporis quis qui ut ipsa consequatur.', 1, '2019-08-16 05:47:05', '2019-08-16 05:47:05'),
(32, 31, 'Daniella Greenholt Jr.', 'Qui officia culpa repellendus officia. In consequatur sed maxime quos. Est suscipit voluptatem voluptatem sit dolorem.', 3, '2019-08-16 05:47:05', '2019-08-16 05:47:05'),
(33, 50, 'Braeden Stehr', 'Iure ea non quod tempore quis dolorum. Quo iste sint nobis expedita quidem ut quae. Aut id reprehenderit consequatur quis voluptates temporibus.', 1, '2019-08-16 05:47:05', '2019-08-16 05:47:05'),
(34, 43, 'Jackson Russel', 'Laudantium eum exercitationem porro a praesentium sed. Et possimus voluptatem autem et qui nihil quia. Minima adipisci nostrum nostrum ut.', 4, '2019-08-16 05:47:05', '2019-08-16 05:47:05'),
(35, 8, 'Mr. Foster Grant DVM', 'Sit similique porro et. Voluptatem eligendi corporis facilis saepe beatae dolor. Harum qui pariatur architecto voluptates molestiae delectus.', 2, '2019-08-16 05:47:05', '2019-08-16 05:47:05'),
(36, 14, 'Lavon Conn', 'Fugiat soluta eos blanditiis quia vel labore qui. Reprehenderit mollitia reprehenderit beatae. Assumenda distinctio ex dolorum officiis qui sit perferendis assumenda.', 0, '2019-08-16 05:47:05', '2019-08-16 05:47:05'),
(37, 48, 'Adrienne Ankunding', 'Laborum in ea distinctio. Sapiente nisi ipsa dolore. Ut voluptatum aliquam quia eligendi aut temporibus.', 3, '2019-08-16 05:47:05', '2019-08-16 05:47:05'),
(38, 8, 'Casimir Carroll', 'Dolores aut eum tempore sit eum natus qui. Qui occaecati ut non ducimus eum similique optio. Autem repellendus libero quae deserunt. Aut aut ipsam veritatis eaque.', 2, '2019-08-16 05:47:05', '2019-08-16 05:47:05'),
(39, 46, 'Mrs. Jeanne Nader', 'Voluptas ab eos quos quo consequatur eos. Vel sit tempora deserunt autem. Tempore laborum ea ipsa voluptas molestias.', 1, '2019-08-16 05:47:05', '2019-08-16 05:47:05'),
(40, 36, 'Percy Leannon', 'Non non animi harum autem voluptate labore autem. Voluptatem sapiente cum qui quia similique voluptatem distinctio.', 2, '2019-08-16 05:47:05', '2019-08-16 05:47:05'),
(41, 24, 'Frieda Brown DDS', 'Eum debitis corrupti dolor quae. Modi nesciunt maxime eum dolores saepe. Quam in voluptas sunt quia.', 3, '2019-08-16 05:47:05', '2019-08-16 05:47:05'),
(42, 19, 'Lurline Paucek DVM', 'Laboriosam odit veritatis molestias. Iste consequuntur quo consequuntur iusto totam vero ut. Vitae consequuntur qui nobis dolorem id.', 3, '2019-08-16 05:47:05', '2019-08-16 05:47:05'),
(43, 9, 'Bradford Jacobi', 'Tenetur neque optio ab sit. Harum nihil optio nobis et. Earum aut sapiente quidem et. Nostrum aperiam ipsam est quis omnis blanditiis minima.', 3, '2019-08-16 05:47:05', '2019-08-16 05:47:05'),
(44, 17, 'Luella Ebert', 'Accusantium error distinctio rem. Sunt eveniet ducimus aut voluptatum provident est. Sit expedita voluptas voluptatem numquam corporis nihil ea.', 3, '2019-08-16 05:47:05', '2019-08-16 05:47:05'),
(45, 43, 'Mr. Ethel Moore', 'Harum aut explicabo harum ea. Perspiciatis numquam et cum ipsam asperiores consequatur. Vitae et aut quis debitis sit doloremque. Et sunt adipisci atque in beatae quo voluptas dolores.', 1, '2019-08-16 05:47:05', '2019-08-16 05:47:05'),
(46, 7, 'Mrs. Aaliyah Brakus MD', 'Velit et nihil consequatur qui. Adipisci corrupti dignissimos est ut numquam ut. Dolorem aut facilis nobis omnis. Labore natus facere blanditiis temporibus inventore magni aut.', 4, '2019-08-16 05:47:05', '2019-08-16 05:47:05'),
(47, 16, 'Rickey Emmerich', 'Numquam aut quia nisi accusantium eveniet quos suscipit. Magnam iusto officiis unde in voluptatem id fuga. Commodi quas nihil facere. Dolor tenetur qui sed error soluta.', 5, '2019-08-16 05:47:05', '2019-08-16 05:47:05'),
(48, 28, 'Marianne Shanahan', 'Et ut expedita nobis consequatur. Aliquam non fuga iusto sapiente aliquid culpa sunt. Non sint rerum alias quia illo et possimus.', 5, '2019-08-16 05:47:05', '2019-08-16 05:47:05'),
(49, 1, 'Mohamed Mills', 'Quidem dolorum aut qui nulla veritatis optio. Enim beatae amet velit nemo est. Mollitia saepe commodi sapiente dolor quaerat quas unde. Temporibus voluptatem qui omnis repellendus culpa cum.', 1, '2019-08-16 05:47:05', '2019-08-16 05:47:05'),
(50, 35, 'Destiny Gislason', 'Cupiditate labore harum assumenda sint non quam. Quam alias in rerum dolore explicabo vel quia. Et quo et aut quia maxime. Minus harum dignissimos cupiditate alias.', 5, '2019-08-16 05:47:05', '2019-08-16 05:47:05'),
(51, 44, 'Dr. Marcelle Hodkiewicz Jr.', 'Sed ad quo quisquam laborum magni sed. Fugit doloremque non modi debitis quia. Assumenda ut accusantium iusto et veritatis placeat. Sit aperiam tenetur sit ea et sed sit.', 1, '2019-08-16 05:47:05', '2019-08-16 05:47:05'),
(52, 10, 'Gerda Schuster', 'Voluptates deleniti maxime quibusdam necessitatibus suscipit dolores. Sint non explicabo enim unde voluptate dolorem. Quidem doloremque velit magnam aut. Impedit qui dolorem non qui.', 2, '2019-08-16 05:47:05', '2019-08-16 05:47:05'),
(53, 19, 'Tania Effertz', 'Perspiciatis aut nesciunt provident dolores. Qui magnam ea hic sint nulla quibusdam voluptas et. Qui suscipit illum et et sint.', 4, '2019-08-16 05:47:05', '2019-08-16 05:47:05'),
(54, 23, 'Marianna Ruecker PhD', 'Tempora et nihil quas quo quas praesentium. Maxime optio sequi qui veritatis tempore suscipit. Error iusto sapiente ullam est voluptate expedita voluptas. Non laboriosam perspiciatis repellat voluptatum hic enim nisi.', 5, '2019-08-16 05:47:05', '2019-08-16 05:47:05'),
(55, 34, 'Ms. Rebeka Grant MD', 'Et quasi iusto ab voluptas fugiat. Voluptatem sed nobis sit accusamus et porro ab aliquid. Expedita et magni eum delectus.', 2, '2019-08-16 05:47:05', '2019-08-16 05:47:05'),
(56, 27, 'Miss Neha Kilback', 'Veniam voluptatum consequuntur quos enim aspernatur quibusdam quibusdam. Ut minima est inventore voluptatem magnam rerum. Amet animi quis dignissimos quia.', 0, '2019-08-16 05:47:05', '2019-08-16 05:47:05'),
(57, 36, 'Estevan Fadel', 'Quia ut quas qui magnam. Temporibus repellendus voluptatum id quam voluptas quia. Officia veritatis cumque nihil ut optio officia.', 5, '2019-08-16 05:47:05', '2019-08-16 05:47:05'),
(58, 26, 'Myrtie Jerde', 'Et deleniti ut aut alias est repellendus. Pariatur et aspernatur nesciunt ea distinctio aliquid. Eum quam voluptatem eos tempore.', 1, '2019-08-16 05:47:05', '2019-08-16 05:47:05'),
(59, 10, 'Miss Kaela Stoltenberg II', 'Non quia libero autem dignissimos. Voluptas illo commodi rerum expedita corrupti cum enim. Vero possimus expedita aut non cum esse nihil mollitia.', 3, '2019-08-16 05:47:05', '2019-08-16 05:47:05'),
(60, 28, 'Dr. Kira Heaney MD', 'Facilis ab a ipsa velit numquam. Quas vitae laudantium harum eligendi temporibus amet et. Eaque eos rerum ex est dolor nostrum voluptatum.', 0, '2019-08-16 05:47:05', '2019-08-16 05:47:05'),
(61, 11, 'Camille Hagenes', 'Nisi qui doloribus optio consequatur unde. Vel aut omnis qui perferendis et quam sed. Aut quia consequuntur odit est et. Doloremque praesentium corrupti occaecati aliquam.', 1, '2019-08-16 05:47:05', '2019-08-16 05:47:05'),
(62, 43, 'Ursula Spinka', 'Reprehenderit accusamus autem molestias accusantium eum ea. Expedita totam officiis recusandae et earum doloremque. Accusamus voluptatem sunt provident.', 0, '2019-08-16 05:47:05', '2019-08-16 05:47:05'),
(63, 38, 'Trycia Gaylord', 'Asperiores provident qui enim magnam et. Ut perferendis doloribus impedit incidunt.', 4, '2019-08-16 05:47:05', '2019-08-16 05:47:05'),
(64, 3, 'Harmon Hintz', 'Tempora numquam expedita excepturi dolor hic sed vel tempora. Reprehenderit vel incidunt quos et et quo nobis est. Necessitatibus sunt iste dolores maxime delectus.', 0, '2019-08-16 05:47:05', '2019-08-16 05:47:05'),
(65, 43, 'Urban Kirlin', 'Vitae aspernatur quas dolor repudiandae laudantium dignissimos. Mollitia corporis enim dicta cupiditate quas quia. Consequuntur dolor omnis numquam quis temporibus.', 5, '2019-08-16 05:47:05', '2019-08-16 05:47:05'),
(66, 12, 'Carrie West PhD', 'Voluptatem maxime quia dolores quisquam. Id quibusdam ex autem a autem. Saepe ex dolores ipsam amet a et voluptatum.', 2, '2019-08-16 05:47:05', '2019-08-16 05:47:05'),
(67, 45, 'Julia Gutmann', 'Occaecati quibusdam et qui architecto. Molestiae et iure rerum omnis. Qui maxime incidunt omnis aut rem cupiditate id.', 2, '2019-08-16 05:47:05', '2019-08-16 05:47:05'),
(68, 23, 'Arno Lakin', 'Sit harum quia harum pariatur dolorem necessitatibus non. Magni et officia recusandae eligendi quidem architecto perferendis ipsam. Officia unde saepe vel tempora laborum quam tempore at.', 4, '2019-08-16 05:47:05', '2019-08-16 05:47:05'),
(69, 41, 'Rosalinda Von', 'Ratione dignissimos sint nihil odio assumenda est magnam voluptatem. Dolor hic in doloremque consequuntur voluptates autem. A ullam est perspiciatis et consequuntur aut. Voluptas at rerum est qui est commodi et.', 0, '2019-08-16 05:47:05', '2019-08-16 05:47:05'),
(70, 30, 'Dr. Don Muller', 'Sapiente accusamus assumenda vel molestiae dolore iure. Aliquid provident molestiae rerum hic dolor minima qui ipsum. Officia excepturi rem tempore expedita veniam sit aut dolore. Quia aliquid esse quia quos.', 5, '2019-08-16 05:47:05', '2019-08-16 05:47:05'),
(71, 30, 'Prof. Cordelia Witting Jr.', 'Hic eius cupiditate voluptatem minima. Iusto deleniti odio quaerat voluptatem eveniet. Doloribus laborum nobis placeat omnis libero. Facilis est vel nam sed illo voluptatem soluta.', 2, '2019-08-16 05:47:05', '2019-08-16 05:47:05'),
(72, 20, 'Marquise Thompson', 'Quaerat unde eum voluptates quam. In tenetur blanditiis iste qui. At sapiente et nulla beatae. Fugiat aperiam neque eos delectus quis quo error et.', 2, '2019-08-16 05:47:05', '2019-08-16 05:47:05'),
(73, 27, 'Ismael Walsh MD', 'Quis delectus est debitis. Perferendis quis ipsum ut assumenda. Ad rerum dicta temporibus beatae laudantium non. Beatae vero nesciunt totam.', 0, '2019-08-16 05:47:05', '2019-08-16 05:47:05'),
(74, 8, 'Mr. Clovis Harris', 'Quia qui repellat dicta reiciendis temporibus. Nisi distinctio accusamus quia beatae qui qui porro aut. Necessitatibus qui autem dolor numquam omnis. Vel ut rerum corporis ut laboriosam.', 4, '2019-08-16 05:47:05', '2019-08-16 05:47:05'),
(75, 11, 'Ms. Itzel Hand V', 'Recusandae repellat nesciunt voluptas qui et omnis. Ut minima eos ut saepe. Adipisci facilis illo possimus dolor fugiat voluptate dolore. Quia accusamus magnam eos.', 0, '2019-08-16 05:47:05', '2019-08-16 05:47:05'),
(76, 17, 'Reyna Hauck', 'Totam sunt commodi non laborum at laboriosam ea. Corrupti id et ducimus repudiandae aut. Totam distinctio omnis aut eum. Veniam autem facilis rem minima quia error cumque.', 5, '2019-08-16 05:47:05', '2019-08-16 05:47:05'),
(77, 21, 'Mr. Rick Ruecker MD', 'Praesentium debitis sint voluptatem autem et. Id unde atque atque magnam. Sit eius omnis molestias ad aut. Magnam voluptas dolorum in eum. Fuga vero est quas sed.', 4, '2019-08-16 05:47:05', '2019-08-16 05:47:05'),
(78, 22, 'Anabel Cole', 'Numquam reiciendis quo illum accusantium sed vel. Libero voluptas dolorem minima architecto laudantium necessitatibus. Voluptas rerum quia distinctio ipsam.', 4, '2019-08-16 05:47:05', '2019-08-16 05:47:05'),
(79, 29, 'Jade Beier', 'Quo eius laudantium odit eum dignissimos nam. Ut molestiae doloremque qui id. Qui ea ut qui tempore.', 2, '2019-08-16 05:47:05', '2019-08-16 05:47:05'),
(80, 15, 'Prof. Maymie Lockman DDS', 'Dicta dolor voluptate praesentium maxime. Consequatur est vitae quos mollitia ea. Repellendus ut ut cumque alias.', 2, '2019-08-16 05:47:05', '2019-08-16 05:47:05'),
(81, 17, 'Prof. Andrew Nolan', 'Minima fugit fuga labore suscipit rerum. Et quam ea non optio magni iusto. Aperiam similique laudantium explicabo amet ullam et.', 0, '2019-08-16 05:47:05', '2019-08-16 05:47:05'),
(82, 2, 'Luciano Leffler Sr.', 'Quia et dolores quasi. Sed quod omnis saepe magnam. Deserunt fugiat odio dolor dolores enim. Et quis voluptatem atque dolore odio.', 5, '2019-08-16 05:47:05', '2019-08-16 05:47:05'),
(83, 17, 'Alfredo Rippin', 'Quam sapiente ut fugit dolorem aut impedit aliquid doloribus. Neque voluptas ex assumenda autem dolorem consequatur.', 2, '2019-08-16 05:47:05', '2019-08-16 05:47:05'),
(84, 36, 'Josefina Lang', 'Minus autem ipsum sit expedita alias vitae temporibus. Magni id molestiae sunt veritatis qui impedit ut.', 2, '2019-08-16 05:47:05', '2019-08-16 05:47:05'),
(85, 1, 'Dillan Marks V', 'Aut voluptatibus pariatur delectus nisi et. Voluptatem porro iusto natus ut dolores explicabo natus. Modi provident et et omnis ipsa mollitia odit temporibus.', 4, '2019-08-16 05:47:05', '2019-08-16 05:47:05'),
(86, 13, 'Jasmin Feil', 'Consequatur suscipit quam molestias incidunt iusto debitis magnam eligendi. Atque laudantium quos minima. Delectus ea necessitatibus et assumenda molestiae ullam. Est velit quasi sunt asperiores.', 3, '2019-08-16 05:47:05', '2019-08-16 05:47:05'),
(87, 31, 'Dr. Helmer Sawayn', 'Adipisci expedita eos at delectus optio. Expedita nesciunt et soluta sequi ullam. Aut fugit aliquid minus unde eos doloribus. Rerum aliquid animi sunt consequuntur.', 4, '2019-08-16 05:47:05', '2019-08-16 05:47:05'),
(88, 35, 'Prof. Travis Tremblay IV', 'Sint vel et libero occaecati. Quia id ratione maxime harum ullam sed tenetur. Autem dolorem vel esse impedit quo.', 4, '2019-08-16 05:47:05', '2019-08-16 05:47:05'),
(89, 26, 'Ian Durgan Jr.', 'Dolorem harum dolorem et sit sit. Qui repudiandae velit dolor expedita molestiae. Corrupti fugiat eum veritatis quia hic et. Nulla itaque libero dolores.', 0, '2019-08-16 05:47:05', '2019-08-16 05:47:05'),
(90, 4, 'Lemuel Mante', 'Quia cum sequi eum nobis architecto. Molestias et ipsa fugit quos quos. Qui qui veniam ut aut omnis.', 2, '2019-08-16 05:47:05', '2019-08-16 05:47:05'),
(91, 48, 'Travis Gusikowski', 'Omnis aut dicta nihil quod vero ut iste. Est ea aut occaecati aut eos vero ut. Sequi quis sequi et odio est.', 4, '2019-08-16 05:47:05', '2019-08-16 05:47:05'),
(92, 30, 'Koby Pacocha Sr.', 'Aut doloremque nam minima dolores at et. Voluptatem sed assumenda autem sed impedit delectus. Voluptas suscipit vitae architecto quia.', 4, '2019-08-16 05:47:05', '2019-08-16 05:47:05'),
(93, 19, 'Norma Hartmann', 'Beatae et tempore autem consequatur recusandae neque. Odit autem nobis sit et. Magni placeat tempore et eius nobis ut. Voluptatem id distinctio cupiditate mollitia asperiores ipsam.', 0, '2019-08-16 05:47:05', '2019-08-16 05:47:05'),
(94, 35, 'Amparo Block', 'Tempora officiis magnam porro delectus sint tenetur. Numquam quia omnis voluptatem nesciunt hic. Non voluptatibus voluptatum pariatur quia saepe nostrum ad. Libero ipsa inventore cupiditate dolor molestias eum officiis. Ea vero neque et ut.', 4, '2019-08-16 05:47:05', '2019-08-16 05:47:05'),
(95, 8, 'Abraham Bosco', 'Consequuntur omnis voluptate at. Ducimus sit ipsa ipsum. Nam voluptate beatae aperiam sit minima commodi illum.', 2, '2019-08-16 05:47:05', '2019-08-16 05:47:05'),
(96, 37, 'Julianne Greenholt', 'Pariatur perferendis rerum aliquam voluptatem. Quos sed deleniti nihil quaerat est eum minus. Sunt accusamus adipisci quo eos tempore ratione numquam sunt. Sed voluptate corporis officiis tempore veniam.', 3, '2019-08-16 05:47:05', '2019-08-16 05:47:05'),
(97, 43, 'Samara Olson', 'Rerum temporibus voluptatem aliquam qui ut amet. Sunt et incidunt minus qui totam numquam voluptate. Unde blanditiis nobis suscipit laudantium similique molestias.', 2, '2019-08-16 05:47:05', '2019-08-16 05:47:05'),
(98, 23, 'Mozell Nienow', 'Magni dolores est qui debitis. Odio delectus mollitia molestias. Labore nihil eos sit non.', 2, '2019-08-16 05:47:05', '2019-08-16 05:47:05'),
(99, 12, 'Andrew Yundt', 'Rem sunt accusamus facere sed corporis nobis. Repudiandae vitae quae porro ut hic. Aut eius non tenetur similique quaerat quae.', 4, '2019-08-16 05:47:05', '2019-08-16 05:47:05'),
(100, 43, 'Norbert Little', 'Eum et accusamus eos distinctio eos accusantium et. Odio necessitatibus expedita culpa quam reiciendis nihil minima. Amet libero non et officiis suscipit repellat. Non iusto est omnis recusandae. Voluptas distinctio consequuntur dolor velit inventore.', 4, '2019-08-16 05:47:05', '2019-08-16 05:47:05'),
(101, 32, 'Jaylon Weimann', 'Aut qui aliquam debitis voluptatem. Alias quasi autem iusto sed delectus earum. Rerum autem natus perspiciatis ipsa. Aut sit non animi consequatur similique eaque.', 3, '2019-08-16 05:47:05', '2019-08-16 05:47:05'),
(102, 40, 'Prof. Lelah Kuhn V', 'Ut laborum amet eos fugiat quas voluptatem suscipit rerum. Eos sunt reiciendis qui beatae dignissimos. Debitis nulla occaecati accusantium et nihil repellendus.', 2, '2019-08-16 05:47:05', '2019-08-16 05:47:05'),
(103, 40, 'Keenan Koepp', 'Id blanditiis illum quas quo quasi voluptas. Rerum cum dolor rem libero aut.', 2, '2019-08-16 05:47:05', '2019-08-16 05:47:05'),
(104, 29, 'Rowland Ryan', 'Rerum voluptas incidunt est aut fugit aut veritatis. Id omnis voluptates quos expedita et commodi fugiat ut. Aut impedit delectus perspiciatis et. Esse ut commodi quia sint molestias.', 3, '2019-08-16 05:47:05', '2019-08-16 05:47:05'),
(105, 40, 'Dr. Flo Russel Jr.', 'Aliquam cupiditate ab officia sint quod minima cumque. Id rem fugiat quo repellendus odio reprehenderit. Nemo est et alias a id autem laboriosam.', 4, '2019-08-16 05:47:05', '2019-08-16 05:47:05'),
(106, 40, 'Buford Walsh', 'Labore dicta deserunt voluptates iure distinctio. Inventore soluta quia sunt pariatur iusto dolor. Provident in molestias voluptatum quaerat quo. Hic quia quaerat error optio eos delectus aut tempora.', 1, '2019-08-16 05:47:05', '2019-08-16 05:47:05'),
(107, 20, 'Carlie Mertz', 'Suscipit sint sit sed et. Ipsa nisi aut officia non voluptatibus eum. Eius culpa repellendus dolorum id nihil quisquam alias.', 4, '2019-08-16 05:47:05', '2019-08-16 05:47:05'),
(108, 40, 'Ansley Kreiger', 'Molestiae quaerat possimus in non qui. Dicta est dolorum accusamus architecto. Omnis occaecati quos beatae consequuntur nisi ab voluptatem. Aut molestiae alias repudiandae.', 5, '2019-08-16 05:47:05', '2019-08-16 05:47:05'),
(109, 32, 'Raymond Kuphal', 'Sit quis doloremque quas modi. Consectetur quis ipsam eos nihil. Sint vitae et maxime voluptate sunt enim.', 1, '2019-08-16 05:47:05', '2019-08-16 05:47:05'),
(110, 36, 'Jennifer Roberts', 'Nam omnis quia suscipit repellat quibusdam expedita qui. Magni dolores eos esse facere nihil et sit dignissimos. Ut totam quaerat similique sit sed autem esse. Iure qui ex eveniet iusto iure aut.', 4, '2019-08-16 05:47:05', '2019-08-16 05:47:05'),
(111, 40, 'Dashawn Gulgowski', 'Et explicabo velit earum aliquam ut ut. Qui ut non nisi voluptas numquam molestiae. Libero voluptatibus qui quo.', 3, '2019-08-16 05:47:05', '2019-08-16 05:47:05'),
(112, 47, 'Shawna Schuppe', 'Quis ea aut voluptatem sunt commodi maxime. Esse eos quae suscipit reiciendis et nesciunt corporis. Sit fugiat qui aliquid et voluptatibus dolores.', 2, '2019-08-16 05:47:05', '2019-08-16 05:47:05'),
(113, 3, 'Dominic Klein V', 'Doloribus vel cumque harum velit nihil illo. Quo necessitatibus sed perspiciatis praesentium minima delectus atque. Eum dolorem voluptates necessitatibus vero provident. Voluptates officiis repudiandae doloribus.', 4, '2019-08-16 05:47:05', '2019-08-16 05:47:05'),
(114, 27, 'Andreane McCullough', 'Dolore reprehenderit odio fugit nobis nihil accusamus saepe animi. Ipsum et nihil nam voluptas mollitia eligendi veritatis. Voluptatum placeat odit id. Excepturi perferendis qui eaque tempore eius.', 4, '2019-08-16 05:47:05', '2019-08-16 05:47:05'),
(115, 12, 'Jerrold Kovacek III', 'Quibusdam placeat animi at deserunt. Debitis dolorem quaerat quo ut occaecati tempore. Consequatur labore quis cum. Totam ea nobis tempore voluptas soluta dicta. Nihil aperiam sed dolores.', 3, '2019-08-16 05:47:05', '2019-08-16 05:47:05'),
(116, 49, 'Earlene Marquardt', 'Expedita ducimus nihil aliquam illo et dolorum iusto porro. Et temporibus cupiditate deserunt voluptatem est. Optio molestiae veniam aperiam qui illo sequi.', 5, '2019-08-16 05:47:05', '2019-08-16 05:47:05'),
(117, 34, 'Milford Lueilwitz', 'Nesciunt voluptas dolores dolores sed. Atque ut autem nulla sit repellendus sint quos molestiae. Laboriosam et consequatur vero. Eum possimus praesentium quod quo minima rerum.', 5, '2019-08-16 05:47:05', '2019-08-16 05:47:05'),
(118, 1, 'Khalid Harris Jr.', 'Voluptatem maxime unde nisi necessitatibus fugit. Vel aut possimus voluptatem rerum. Quidem consectetur itaque nemo odio voluptatem consectetur optio quos. Eveniet et dolores iste necessitatibus.', 3, '2019-08-16 05:47:05', '2019-08-16 05:47:05'),
(119, 27, 'Prof. Moses Abshire', 'Aliquid cumque dignissimos quasi dolorum. Aut sunt ab repellat quisquam labore. Dolorem ut atque reprehenderit non omnis molestiae sit. Repudiandae voluptatem est aliquam a quo a. Et velit laudantium id ut qui tenetur omnis ratione.', 4, '2019-08-16 05:47:05', '2019-08-16 05:47:05'),
(120, 46, 'Mr. Elmer Glover DVM', 'Dolores eos illum quae ipsa. Nisi qui sed quia et ea omnis. Eligendi voluptate aut animi aut asperiores nulla. Aut inventore ipsum vitae maiores.', 4, '2019-08-16 05:47:05', '2019-08-16 05:47:05'),
(121, 45, 'Favian McGlynn', 'Aliquid voluptatum optio culpa sunt sunt reiciendis. Ut quia iste sunt beatae sed voluptatibus eum. Enim voluptate aut omnis eius dicta sit enim accusantium.', 4, '2019-08-16 05:47:05', '2019-08-16 05:47:05'),
(122, 23, 'Nora Franecki IV', 'Doloribus quia est quos fugit et sunt. Aut explicabo et accusantium est alias iusto. Tempore in eius aut exercitationem exercitationem quia vel. Dicta ea quos nostrum quia corrupti.', 5, '2019-08-16 05:47:05', '2019-08-16 05:47:05'),
(123, 38, 'Leonel Fisher', 'Iste amet quibusdam sunt culpa culpa autem deserunt. Ipsum laudantium tenetur enim alias architecto necessitatibus velit dolor. Facere illum ut eligendi similique repudiandae.', 3, '2019-08-16 05:47:05', '2019-08-16 05:47:05'),
(124, 28, 'Mitchell Prosacco III', 'Animi itaque maxime et quod eius fugit quidem. Numquam dolorem sint eius. Quaerat magnam sint soluta magnam et. Voluptas tempora officiis culpa consectetur dolor quae voluptatem.', 1, '2019-08-16 05:47:05', '2019-08-16 05:47:05'),
(125, 48, 'Prof. Ocie Kunze MD', 'Officiis consectetur sit fugiat nesciunt. Ad nobis debitis debitis rerum rerum consequatur rerum voluptatum. Dicta ut accusamus sint rerum. Nihil sunt atque nemo rerum.', 4, '2019-08-16 05:47:05', '2019-08-16 05:47:05'),
(126, 36, 'Providenci Kiehn MD', 'Laborum est perferendis distinctio quis dolore provident reprehenderit consequuntur. Assumenda ducimus velit perferendis architecto et consequatur. Nihil laborum qui est eum quam necessitatibus. Dignissimos facere qui et cum minus ut nulla saepe.', 5, '2019-08-16 05:47:05', '2019-08-16 05:47:05'),
(127, 6, 'Dr. Jalyn Labadie Sr.', 'Et esse ipsa voluptatum vel velit. Sequi eligendi voluptate qui.', 1, '2019-08-16 05:47:05', '2019-08-16 05:47:05'),
(128, 10, 'Sasha Connelly', 'Laudantium voluptatem dolores unde labore harum occaecati culpa rem. Dolorem commodi quaerat est voluptatum nostrum voluptas perspiciatis. Alias vel sint molestias sed ipsum qui. Qui officia autem ipsam vel culpa maxime voluptas.', 3, '2019-08-16 05:47:05', '2019-08-16 05:47:05'),
(129, 13, 'Carson Parisian', 'Ut nisi officiis dolores eos est voluptatem. Voluptatem distinctio velit pariatur unde adipisci dolor. Quia vel consequatur aliquam alias. Vitae dolor minima id debitis voluptatem aperiam.', 0, '2019-08-16 05:47:05', '2019-08-16 05:47:05'),
(130, 32, 'Aylin Roob', 'Laudantium est neque qui vitae optio sint eveniet. Atque fugiat at perspiciatis repellat. Distinctio mollitia ex sequi veniam eum corporis.', 0, '2019-08-16 05:47:05', '2019-08-16 05:47:05'),
(131, 8, 'Marlene Jast', 'Consequatur ab unde beatae eius cumque. Fugiat velit omnis impedit et. Beatae possimus saepe officia.', 5, '2019-08-16 05:47:05', '2019-08-16 05:47:05'),
(132, 15, 'Myrtis Mraz', 'Vel et enim quis doloribus animi perferendis. Unde deleniti laboriosam quod eos enim porro. Ut et animi dolor ut deserunt. Non eum ratione rerum. Et quia cum dicta et est deserunt aut.', 0, '2019-08-16 05:47:05', '2019-08-16 05:47:05'),
(133, 27, 'Mervin Kertzmann Sr.', 'Eos corporis ipsum et ut ipsum provident explicabo. Est rerum nesciunt mollitia blanditiis nihil. Saepe at hic perferendis commodi accusamus atque et. Vel odit ea sed consequatur error assumenda blanditiis.', 1, '2019-08-16 05:47:05', '2019-08-16 05:47:05'),
(134, 45, 'Jasen Rogahn', 'Perspiciatis expedita unde earum mollitia aliquid ipsa. Sed ut exercitationem distinctio soluta veritatis esse aut ullam. Porro sed iste in et odio ut. Enim provident ab voluptas aut totam hic molestiae. Qui porro quidem nam qui culpa ut non amet.', 4, '2019-08-16 05:47:05', '2019-08-16 05:47:05'),
(135, 46, 'Madge Daugherty', 'Sunt exercitationem non quia sunt id libero amet. Voluptatum ut enim dolore quos vel quia. Veniam voluptatibus ad doloremque illum architecto. Maxime modi et optio. Ut ratione autem in illo qui et error.', 0, '2019-08-16 05:47:05', '2019-08-16 05:47:05'),
(136, 9, 'Cooper Feeney', 'Est corporis reiciendis aliquam ipsum. Culpa veniam vel et modi quo sint voluptate et. Qui ipsum id atque soluta.', 4, '2019-08-16 05:47:05', '2019-08-16 05:47:05'),
(137, 47, 'Twila Upton', 'Fugit dicta distinctio incidunt accusamus ea. Fugiat rerum sit at ut iusto. Ea repellat officia id. In sint suscipit dolorem ut.', 3, '2019-08-16 05:47:05', '2019-08-16 05:47:05'),
(138, 47, 'Ms. Ivah Spencer', 'Mollitia harum ut quia veritatis perspiciatis magnam ad in. Facilis suscipit dolorem aut quia quibusdam debitis. Qui voluptates architecto molestiae et. Consequuntur explicabo asperiores voluptatem ullam dolores.', 2, '2019-08-16 05:47:05', '2019-08-16 05:47:05'),
(139, 36, 'Elbert Hermann', 'Sed corrupti ipsa aliquid sunt quae dolor consequatur. Accusantium est at molestiae porro voluptatem qui. Aut quia hic non.', 1, '2019-08-16 05:47:05', '2019-08-16 05:47:05'),
(140, 13, 'Dr. Jarvis Harvey I', 'Asperiores quis et eum. Aut quam rerum fugiat delectus itaque ex et qui. Dolores sed beatae illum rerum ut nostrum et.', 2, '2019-08-16 05:47:05', '2019-08-16 05:47:05'),
(141, 17, 'Marjolaine Schinner', 'Expedita molestiae beatae facilis temporibus alias rem aliquam atque. Voluptas iusto eveniet consectetur et ipsum non. Excepturi doloremque modi nihil modi et ipsa et.', 5, '2019-08-16 05:47:05', '2019-08-16 05:47:05'),
(142, 49, 'Bernadette Hagenes', 'Voluptate impedit aliquid non. Cupiditate sapiente ab et nisi harum voluptas exercitationem enim. Repellat voluptas quia ipsam tenetur et recusandae autem accusamus. Odit a enim sapiente.', 2, '2019-08-16 05:47:05', '2019-08-16 05:47:05'),
(143, 26, 'Pedro Von', 'Expedita nihil vel explicabo nisi cum ut totam et. Neque quia nihil sed id architecto repellendus et. Mollitia odit beatae facere neque non corporis consequuntur. Consequuntur et accusantium eos consequatur debitis incidunt eveniet sint. Exercitationem sed ipsum eligendi.', 3, '2019-08-16 05:47:05', '2019-08-16 05:47:05'),
(144, 49, 'Saige Harris', 'Natus omnis et aut. Doloribus debitis vitae minus facere illo esse ipsum omnis. Atque reprehenderit eum aut tenetur dignissimos rerum officiis.', 5, '2019-08-16 05:47:05', '2019-08-16 05:47:05'),
(145, 18, 'Tyshawn Haley', 'Aliquid sit sed voluptatum ullam ab quia maxime quod. Voluptate corporis quas nihil odio architecto minus. Ab enim et non aut omnis nihil velit. Nam rem impedit numquam odit voluptate.', 5, '2019-08-16 05:47:05', '2019-08-16 05:47:05'),
(146, 30, 'Devonte Schroeder', 'Et expedita nisi nisi natus. Et laborum qui temporibus totam. Vitae qui voluptatibus optio odit modi repellat minima. Omnis dolorum qui est.', 0, '2019-08-16 05:47:05', '2019-08-16 05:47:05'),
(147, 10, 'Rusty Gorczany', 'Nesciunt inventore harum eveniet magnam minima veritatis magnam quia. Aliquam possimus unde error quibusdam dolores molestiae. A sit distinctio rerum et aut amet sit.', 5, '2019-08-16 05:47:05', '2019-08-16 05:47:05'),
(148, 19, 'Taryn Mertz', 'Alias repellendus porro veniam perspiciatis molestiae magnam. Voluptate quo rem rerum dolorem fugit voluptates. Saepe nihil enim quos beatae nihil. Autem voluptas ut consequatur adipisci eligendi ipsa. Aliquid cum sint necessitatibus illum eius similique aut.', 0, '2019-08-16 05:47:05', '2019-08-16 05:47:05'),
(149, 9, 'Dr. Lenny Walker', 'Voluptatem ut sit voluptatem iure adipisci eos reiciendis. Ut ipsam autem suscipit aut maiores. Tempora quo minus saepe et. Natus rerum nihil excepturi cum dolor cupiditate.', 4, '2019-08-16 05:47:05', '2019-08-16 05:47:05'),
(150, 5, 'Prof. Rosetta Reichert', 'Consequuntur quasi molestiae eligendi nam nobis ut aut omnis. Et fugiat hic qui saepe quam laudantium quae nihil. Aliquam porro asperiores quas. Consequuntur omnis doloremque libero et et modi.', 5, '2019-08-16 05:47:05', '2019-08-16 05:47:05'),
(151, 29, 'Aniyah Jacobson', 'Eos iusto fugit laborum tempore. Pariatur cumque sed recusandae vel deleniti nobis. Repellat veritatis sunt est error. Omnis unde quaerat saepe provident maiores sint praesentium.', 0, '2019-08-16 05:47:05', '2019-08-16 05:47:05'),
(152, 4, 'Dr. Deron Von', 'Error repudiandae in quod. Dolores laudantium culpa occaecati voluptatibus. Deserunt eaque voluptate quas veniam eos fugiat. Corporis qui commodi magnam veniam incidunt.', 3, '2019-08-16 05:47:05', '2019-08-16 05:47:05'),
(153, 28, 'Dr. Arvid Beer', 'Sequi tempora adipisci officiis et atque eum dignissimos. Labore accusantium incidunt assumenda ipsa sunt sit impedit. Quo in eaque et voluptatem. Maxime ab quia tempore aut ut consequatur id.', 2, '2019-08-16 05:47:05', '2019-08-16 05:47:05'),
(154, 28, 'Dorcas Ruecker', 'Aut ut enim dolores at et ad. Beatae sunt aut doloribus dolores. Voluptatibus quidem occaecati sed aut. Id ut accusamus aliquam et.', 1, '2019-08-16 05:47:05', '2019-08-16 05:47:05'),
(155, 20, 'Magali Graham', 'Illum consequuntur dolorum exercitationem veritatis. Iusto hic quaerat accusamus ipsum aut in voluptates maiores.', 1, '2019-08-16 05:47:05', '2019-08-16 05:47:05'),
(156, 46, 'Chelsey Denesik', 'Beatae fugiat recusandae accusantium. Sed sequi et vero similique et. Animi ea corrupti non. Illo in animi fuga voluptatem libero veritatis et quidem.', 4, '2019-08-16 05:47:05', '2019-08-16 05:47:05'),
(157, 35, 'Mr. Tommie Gleichner', 'Ut ut sit rerum eveniet ex. Unde quae quia quibusdam et quaerat. Atque et iste ut laborum unde.', 4, '2019-08-16 05:47:05', '2019-08-16 05:47:05'),
(158, 10, 'Josefa Stehr', 'Veniam eos quod illum odio occaecati consequatur ut distinctio. Harum molestiae facere porro quasi itaque occaecati atque similique. Architecto non sequi repudiandae vero.', 2, '2019-08-16 05:47:05', '2019-08-16 05:47:05'),
(159, 11, 'Andre Yost', 'At nulla nobis ut non. Quod et nostrum blanditiis sed sint id cum ut. Ut ad placeat laboriosam iusto.', 3, '2019-08-16 05:47:05', '2019-08-16 05:47:05'),
(160, 24, 'Prof. Cleo Parker Sr.', 'Minima ipsum culpa possimus quibusdam. Saepe autem dolorum aliquam mollitia. Unde ut maxime et. Optio error non possimus tenetur aut vero.', 3, '2019-08-16 05:47:05', '2019-08-16 05:47:05'),
(161, 36, 'Sarah Huel', 'Assumenda exercitationem enim ut aperiam consequatur. Magnam dolores modi veritatis eius. Maxime qui hic laboriosam dolore voluptas saepe unde.', 5, '2019-08-16 05:47:05', '2019-08-16 05:47:05'),
(162, 22, 'Maci Emmerich', 'Hic in ex id dolorem velit. At est voluptatem aperiam quia occaecati similique culpa. Rerum voluptas sed iusto. Ut qui saepe nemo eum.', 5, '2019-08-16 05:47:05', '2019-08-16 05:47:05'),
(163, 50, 'Deja Will', 'Soluta nobis dolores voluptatem esse. Qui qui ducimus id assumenda autem consequatur ut. Provident fuga eligendi est laudantium et exercitationem. Fuga accusantium omnis aut eos. Eos vel id nesciunt doloribus quidem.', 0, '2019-08-16 05:47:05', '2019-08-16 05:47:05'),
(164, 11, 'Marie Macejkovic', 'Nihil rerum et eveniet maiores. Quia soluta architecto quasi voluptatum. Aperiam consectetur consequatur non qui. Magnam qui qui quod voluptatem.', 4, '2019-08-16 05:47:05', '2019-08-16 05:47:05'),
(165, 15, 'Judy Beahan V', 'Fuga qui dolores deserunt omnis autem quo tenetur. Magnam officia possimus assumenda quas ut ad iusto. Sequi odit ut saepe et aut aliquid.', 3, '2019-08-16 05:47:05', '2019-08-16 05:47:05'),
(166, 33, 'Bette Larson', 'Molestiae quos veritatis sequi eligendi consequatur earum dolore facere. Quia commodi quas velit consectetur possimus nam. Ad facilis a recusandae nam quibusdam.', 1, '2019-08-16 05:47:05', '2019-08-16 05:47:05'),
(167, 21, 'Ms. Wilma Sipes', 'Voluptas porro facilis amet quia. Nihil ut a quos sapiente aspernatur vitae voluptatem est.', 0, '2019-08-16 05:47:05', '2019-08-16 05:47:05'),
(168, 19, 'Mattie Carroll', 'Sunt laudantium omnis repudiandae id officiis. Eius dolor voluptatem alias est quo. Et quia sunt aut debitis molestias. Perspiciatis ut id qui id cumque cupiditate tempora.', 0, '2019-08-16 05:47:05', '2019-08-16 05:47:05'),
(169, 14, 'Germaine Kassulke', 'Doloremque et et consequatur id sapiente dolorum et. Et quo optio non sapiente reiciendis et. Sit cupiditate ipsam est et.', 5, '2019-08-16 05:47:05', '2019-08-16 05:47:05'),
(170, 43, 'Dr. Orville Swift DVM', 'Dolores eveniet dolores excepturi rerum. Ut et illo dolorem. Quisquam et exercitationem facere iusto dolor ex sequi.', 4, '2019-08-16 05:47:05', '2019-08-16 05:47:05'),
(171, 20, 'Pierre Reichert', 'Iste voluptas qui culpa soluta voluptas ex. Similique cum cupiditate enim et similique reprehenderit.', 4, '2019-08-16 05:47:05', '2019-08-16 05:47:05'),
(172, 29, 'Tyler Greenfelder', 'Numquam et ut blanditiis. Voluptatem et natus ducimus tempora atque a. Sint mollitia alias deserunt voluptatem quod non.', 2, '2019-08-16 05:47:05', '2019-08-16 05:47:05'),
(173, 33, 'Mr. Larue Rempel Sr.', 'Sed perspiciatis sit voluptas soluta dolores et voluptatem nam. Assumenda amet non rerum qui ea non nihil. Adipisci sint voluptatum et accusamus rerum. Corporis omnis placeat similique neque repellat dolor. Distinctio atque et eos nihil.', 0, '2019-08-16 05:47:05', '2019-08-16 05:47:05'),
(174, 4, 'Lucio Shields', 'Minus sit perspiciatis minus quo qui non accusamus. Veritatis dolorum suscipit temporibus consequuntur quisquam est.', 0, '2019-08-16 05:47:05', '2019-08-16 05:47:05'),
(175, 8, 'Alek Gusikowski', 'Veritatis ea deserunt aut magni magnam a aut earum. Animi laborum soluta labore ipsam dolor enim voluptas et. Alias natus laborum corrupti. Cumque eligendi eveniet dignissimos beatae sequi.', 1, '2019-08-16 05:47:05', '2019-08-16 05:47:05'),
(176, 34, 'Nicolas Effertz', 'Provident tenetur eligendi consequatur aut cumque. Fuga fugiat mollitia aut ut. Dolor vero perferendis autem et ea. Voluptas natus vero unde corrupti aut dicta.', 5, '2019-08-16 05:47:05', '2019-08-16 05:47:05'),
(177, 20, 'Narciso Schaefer', 'Dolores neque ullam eius vero. Enim molestiae quis sit ut repellendus. Exercitationem voluptatem nulla fugit omnis. Libero est iste numquam rerum.', 1, '2019-08-16 05:47:05', '2019-08-16 05:47:05'),
(178, 44, 'Miss Alanna Brekke II', 'Occaecati quia nostrum voluptate voluptas quo est. Eius molestias magni tenetur numquam magni vitae. Fugit eveniet harum et velit.', 5, '2019-08-16 05:47:05', '2019-08-16 05:47:05'),
(179, 30, 'Florence Little', 'Illo adipisci et rerum laboriosam possimus quo et. Dolorum rerum dolores debitis possimus ullam eaque esse. Veritatis maxime et voluptate magni rerum consequatur et. Et reprehenderit incidunt architecto aut assumenda ipsum. Porro totam esse quaerat et est iusto.', 5, '2019-08-16 05:47:05', '2019-08-16 05:47:05'),
(180, 18, 'Donald Towne', 'Officia doloremque at reiciendis mollitia consectetur vitae. Itaque corrupti suscipit non est commodi maiores similique. Iste iste sapiente rem blanditiis sint.', 1, '2019-08-16 05:47:05', '2019-08-16 05:47:05'),
(181, 49, 'Ansel Flatley', 'Alias culpa commodi et ullam vel quos voluptas. In aut corporis et architecto totam. Sit ipsam perferendis cupiditate optio sit.', 0, '2019-08-16 05:47:05', '2019-08-16 05:47:05'),
(182, 45, 'Hipolito Adams', 'Impedit itaque ea aut cumque magni. Laborum quaerat ad rerum qui quia molestias. Molestiae autem eligendi excepturi nihil corporis rerum officiis.', 4, '2019-08-16 05:47:05', '2019-08-16 05:47:05'),
(183, 49, 'Antonia Prohaska', 'Perspiciatis quia consequatur voluptatem voluptatem officia. Voluptas labore magni sequi id. Ut et quis cum non vel sit nobis. Ad architecto maxime dolorem magni ad dolorum.', 4, '2019-08-16 05:47:05', '2019-08-16 05:47:05'),
(184, 34, 'Dr. Abel Cormier', 'Sunt ut ducimus et vitae. Magni et vitae et dolor illo culpa. Maxime eum et voluptate necessitatibus iste ipsum qui beatae. Dolor impedit quia ipsa et.', 1, '2019-08-16 05:47:05', '2019-08-16 05:47:05'),
(185, 28, 'Prof. Lacy Hermann', 'Quisquam corporis magnam quia. Veritatis qui quam voluptas itaque tempora at. Nobis hic dolor occaecati quidem aliquid. Officiis enim iure odit sed. Quae iusto ipsa cupiditate ea fugiat.', 5, '2019-08-16 05:47:05', '2019-08-16 05:47:05'),
(186, 33, 'Rahul Harris', 'Corporis omnis voluptatem alias aliquam provident. Dicta labore soluta quo. Occaecati officiis laboriosam inventore non.', 2, '2019-08-16 05:47:05', '2019-08-16 05:47:05'),
(187, 47, 'Margarette McKenzie', 'Dolorem omnis provident sit quia est quam tempore. Impedit et consectetur omnis dolores. Est numquam nulla cumque sunt harum magni velit. Quisquam iusto in saepe in rerum suscipit quis.', 0, '2019-08-16 05:47:05', '2019-08-16 05:47:05'),
(188, 30, 'Nova Rodriguez', 'Et aliquam quasi quaerat laboriosam perspiciatis. Accusamus ipsa ipsam ut. Nobis est ut explicabo quia quod pariatur. Deleniti necessitatibus aperiam autem laudantium iusto dolores ea est.', 1, '2019-08-16 05:47:05', '2019-08-16 05:47:05'),
(189, 43, 'Nicolette Barrows', 'Voluptatem id tempora cum sequi dolor ab. Non occaecati veritatis aut. Quo ut non sed ullam et architecto aut.', 2, '2019-08-16 05:47:05', '2019-08-16 05:47:05'),
(190, 50, 'Delphia Medhurst', 'Non dolore qui enim ut accusantium expedita. Qui culpa animi voluptas tenetur sit sint blanditiis. Rerum aut est rerum quis nobis quam. Earum cumque quae blanditiis velit.', 0, '2019-08-16 05:47:05', '2019-08-16 05:47:05'),
(191, 25, 'Carey Jones', 'Sapiente ut illum quis quo laborum. In eaque enim dolore. Et repellendus et iure voluptatem amet cupiditate. Sed ea animi doloremque qui iusto. Aut unde quia occaecati et dolorem corrupti ut.', 4, '2019-08-16 05:47:05', '2019-08-16 05:47:05'),
(192, 40, 'Mrs. Yoshiko Conn', 'Ut quos delectus sint vel saepe. Est reiciendis voluptatibus autem eos exercitationem atque. Accusantium iusto quia deleniti ad. Expedita cupiditate ut rerum recusandae. Consequuntur iste consequatur alias et sequi fugit suscipit.', 3, '2019-08-16 05:47:05', '2019-08-16 05:47:05'),
(193, 50, 'Dominic Fahey PhD', 'Nemo quisquam sunt sed aut cum facilis sint voluptas. Enim enim qui earum autem sit qui qui. Adipisci dolor cumque temporibus. Sit aliquam voluptatem doloribus error et.', 0, '2019-08-16 05:47:05', '2019-08-16 05:47:05'),
(194, 21, 'Katrina VonRueden', 'Eos sequi et ipsam voluptas veritatis qui dignissimos. Sint voluptatem soluta temporibus accusamus fuga nobis. Cumque nihil saepe et atque facere eaque. Omnis nihil eum et debitis fuga autem. Perferendis deleniti architecto eos deleniti.', 0, '2019-08-16 05:47:05', '2019-08-16 05:47:05'),
(195, 32, 'Gonzalo Graham Sr.', 'Qui a error nobis enim. Quaerat est beatae exercitationem minus harum at expedita. Suscipit id voluptatem officia ratione facilis quis. Mollitia quis corporis eos nulla fugiat exercitationem dolor nostrum.', 5, '2019-08-16 05:47:05', '2019-08-16 05:47:05'),
(196, 45, 'Dr. Judah Bradtke', 'Voluptas sint sit molestias numquam explicabo qui nesciunt. Rem asperiores suscipit praesentium enim quisquam error sint culpa. Nihil nulla possimus est id cum ea.', 0, '2019-08-16 05:47:05', '2019-08-16 05:47:05'),
(197, 19, 'Dr. Florence Hirthe MD', 'Voluptates optio dignissimos ducimus aliquid ea sit. Cum et eaque consequatur repellat velit voluptas. Expedita voluptatum maxime in sed iusto est qui. Saepe dignissimos culpa sunt.', 2, '2019-08-16 05:47:05', '2019-08-16 05:47:05'),
(198, 34, 'Prof. Arlie Harris III', 'Quas ut quam architecto natus eos. Sed rerum velit et vero. Libero temporibus tempora incidunt temporibus. Ad aliquid sit quos vel debitis. Sint et corporis autem id sunt et aut.', 5, '2019-08-16 05:47:05', '2019-08-16 05:47:05'),
(199, 36, 'Joyce Bode', 'Dolor velit accusamus repudiandae eius odio sit. Cupiditate velit facere est est et pariatur a. Architecto possimus ea non ducimus. Perspiciatis voluptate quia et rerum esse.', 0, '2019-08-16 05:47:05', '2019-08-16 05:47:05'),
(200, 14, 'Effie Jenkins', 'Porro et sequi numquam ipsum deserunt non earum dignissimos. Voluptas dicta in sed qui rerum iste. Eveniet dicta quibusdam aut et velit qui tenetur.', 5, '2019-08-16 05:47:05', '2019-08-16 05:47:05'),
(201, 3, 'Damian Mueller', 'Quo nostrum facilis qui non. Ea quo quod voluptate unde quis. Est fuga reiciendis sit.', 2, '2019-08-16 05:47:05', '2019-08-16 05:47:05'),
(202, 5, 'Patience Price', 'Autem sequi et et aut. Recusandae quibusdam nisi sapiente ad voluptatem. Cum eum assumenda rerum dolorem. Fugit voluptatem dicta quasi dolor sunt hic eaque.', 0, '2019-08-16 05:47:05', '2019-08-16 05:47:05'),
(203, 16, 'Mr. Eduardo Bauch', 'Voluptatem voluptatibus ipsum ut debitis qui repudiandae id. Labore totam veniam dolor. Consequatur perferendis est eos dolores. Illo occaecati aut rerum rerum aut sequi.', 5, '2019-08-16 05:47:05', '2019-08-16 05:47:05'),
(204, 40, 'Michaela Kohler', 'Quasi neque illo vel qui. Ut et laudantium tenetur vero aut quisquam. Itaque voluptatem doloremque error in eum eum. Ullam aliquid sequi sit similique numquam possimus neque.', 2, '2019-08-16 05:47:05', '2019-08-16 05:47:05'),
(205, 14, 'Dallas Gorczany', 'Eum illo voluptates dolor. Aut laborum nihil molestias non. Rerum occaecati voluptatem laboriosam omnis non voluptatem.', 1, '2019-08-16 05:47:05', '2019-08-16 05:47:05'),
(206, 13, 'Rosetta Kreiger', 'Maxime odio libero quo incidunt. Distinctio sint in sed laboriosam earum consequatur. Laudantium reiciendis rerum nisi tempore libero necessitatibus pariatur perspiciatis. Voluptas dolorum eum consectetur eum officiis.', 3, '2019-08-16 05:47:05', '2019-08-16 05:47:05'),
(207, 38, 'Michel Lockman', 'Est omnis fuga sit laudantium at natus voluptatem. Est soluta autem nobis a et. Nihil est aut magnam aut saepe. Enim ex labore doloribus aspernatur dolores est.', 2, '2019-08-16 05:47:05', '2019-08-16 05:47:05'),
(208, 15, 'Mrs. Sandra Stehr', 'Omnis nisi consectetur et omnis et dicta. Vel nesciunt vel repellat et. Enim explicabo eos et et assumenda dolores.', 2, '2019-08-16 05:47:05', '2019-08-16 05:47:05'),
(209, 40, 'Alvera Huel', 'Sit voluptates aliquam facilis pariatur sapiente quia non. Exercitationem qui quo fuga incidunt distinctio. Omnis totam iure saepe dolorum et saepe. Nihil rerum quis sed qui.', 1, '2019-08-16 05:47:05', '2019-08-16 05:47:05');
INSERT INTO `reviews` (`id`, `product_id`, `customer`, `review`, `star`, `created_at`, `updated_at`) VALUES
(210, 11, 'Krystal Kuvalis MD', 'Esse dolorem pariatur aut. Ut libero et itaque ut at et similique. Illo eos nihil cumque facilis mollitia fugit velit. Omnis ea ipsum dolorum voluptatem libero libero.', 5, '2019-08-16 05:47:05', '2019-08-16 05:47:05'),
(211, 13, 'Barbara Marvin', 'Magni cumque odit quia soluta quo minus. Dolor reiciendis omnis atque labore reprehenderit. Fugit eveniet dignissimos cum rerum quod ut.', 0, '2019-08-16 05:47:05', '2019-08-16 05:47:05'),
(212, 42, 'Bailee McCullough', 'Officia et in accusamus saepe voluptas minus. Dignissimos voluptas est perferendis dicta eaque voluptatem. Debitis ipsam consectetur delectus culpa. Nam dolores fuga sapiente cumque voluptates quia et.', 2, '2019-08-16 05:47:05', '2019-08-16 05:47:05'),
(213, 48, 'Lucius Parker', 'Aut qui quas iure accusamus est illo officiis. Consequuntur cum officia consequatur voluptatum dolorem quos. Porro sit et ut iure qui inventore.', 1, '2019-08-16 05:47:05', '2019-08-16 05:47:05'),
(214, 14, 'Gwen Kuhlman', 'Sed accusantium nesciunt quis ab eligendi optio. Placeat qui rerum aut. Commodi eligendi sed ratione corporis eum recusandae. Ullam odit blanditiis repellendus magni.', 4, '2019-08-16 05:47:05', '2019-08-16 05:47:05'),
(215, 27, 'Zachery Keebler', 'Hic ipsam eveniet est sit atque rerum officia. Exercitationem ea accusamus enim sit quas quia. Possimus consequatur cum ut laudantium at corporis autem. Eligendi aut sed perspiciatis illum molestiae praesentium atque et. Ut accusamus corrupti eos voluptatibus eos minima.', 4, '2019-08-16 05:47:05', '2019-08-16 05:47:05'),
(216, 6, 'Savanah Wiegand', 'Perspiciatis ea adipisci quaerat delectus voluptatem. Voluptas ut repellendus et qui repudiandae tempore. Voluptatibus quo necessitatibus veniam dicta.', 3, '2019-08-16 05:47:05', '2019-08-16 05:47:05'),
(217, 42, 'Alexis Weber', 'Aut maiores totam accusamus quasi amet dolor fugiat. Sunt consectetur sit nihil provident doloribus ut. Quos quo sed assumenda ducimus laudantium. Dolore ipsa natus omnis. Sint corporis repudiandae ullam.', 1, '2019-08-16 05:47:05', '2019-08-16 05:47:05'),
(218, 38, 'Mr. Reese Feest', 'Et quibusdam eaque non consequatur voluptas. Unde facere ea eos autem tempore. Sequi non sit qui nostrum.', 3, '2019-08-16 05:47:05', '2019-08-16 05:47:05'),
(219, 8, 'Sydney Klocko', 'Ea reiciendis rerum eos quia. Aut doloribus dolores et aut earum voluptas totam. In illo minima voluptas voluptatem ut ipsam voluptatem. Commodi eos tenetur quae aliquid. Repellendus quo similique recusandae.', 2, '2019-08-16 05:47:05', '2019-08-16 05:47:05'),
(220, 15, 'Asa Witting DDS', 'Quasi voluptatem dicta esse doloribus. Voluptatibus natus in et.', 0, '2019-08-16 05:47:05', '2019-08-16 05:47:05'),
(221, 14, 'Martin Dooley', 'Corporis odio quia excepturi aspernatur suscipit natus. Quasi est qui eligendi natus id optio consequatur. Facilis sit sint omnis et temporibus ut aperiam culpa. Quidem nesciunt aut reprehenderit consequuntur commodi qui impedit.', 0, '2019-08-16 05:47:05', '2019-08-16 05:47:05'),
(222, 36, 'Prof. Grant Kerluke PhD', 'Adipisci non et soluta qui et quis laudantium. Non voluptatem aut molestiae incidunt inventore maiores quo. Dolore suscipit odit quam fuga et sapiente sed. Commodi corporis explicabo nihil ut.', 3, '2019-08-16 05:47:05', '2019-08-16 05:47:05'),
(223, 49, 'Ulices Auer', 'Architecto est et repellat molestias sed dolores deserunt dolor. Veritatis impedit esse voluptas enim optio alias cupiditate. Dolor amet ut nesciunt repellendus ipsum. Asperiores aut possimus libero aut illum.', 2, '2019-08-16 05:47:05', '2019-08-16 05:47:05'),
(224, 11, 'Claire Jacobi', 'Non officiis ut aliquam facere ex et. Qui qui veritatis aperiam sed minima. Possimus illo eius ut laborum a quas odit.', 5, '2019-08-16 05:47:05', '2019-08-16 05:47:05'),
(225, 46, 'Mathias Stanton', 'Voluptatem ipsam quis sint nostrum quia repellat quo iusto. Ipsum sunt ut consequatur dolore eaque. Repellat maiores est saepe architecto tempora. Fuga nihil in mollitia et non dolor praesentium. Quis omnis molestiae excepturi et praesentium.', 3, '2019-08-16 05:47:05', '2019-08-16 05:47:05'),
(226, 8, 'Mr. Bryon Torphy', 'Nam ut vero dignissimos recusandae pariatur ex voluptatum. Eos voluptatem aliquam ut nam. Repellat est et qui rem. Rerum ea enim mollitia vitae aut et non.', 4, '2019-08-16 05:47:05', '2019-08-16 05:47:05'),
(227, 19, 'Prof. Hellen Schuppe', 'Esse qui alias error quasi et cupiditate quis. Ipsam voluptatem ab dolore aut nihil aut. Voluptatem sed velit corporis beatae.', 5, '2019-08-16 05:47:05', '2019-08-16 05:47:05'),
(228, 44, 'Cruz Bode', 'Et commodi debitis quae molestias natus vel. Perferendis iste aliquam voluptas et.', 4, '2019-08-16 05:47:05', '2019-08-16 05:47:05'),
(229, 50, 'Kristofer Kunde', 'Officiis quas non repellendus quaerat. Aliquam illum enim sunt ea repellendus repellat et est. Rerum est corrupti porro dolor illo ut magni. Autem dolor itaque tenetur tempore.', 2, '2019-08-16 05:47:05', '2019-08-16 05:47:05'),
(230, 20, 'Mr. Hiram Robel I', 'Id alias eos sint quae quaerat quam at. Labore blanditiis totam odio enim dignissimos facere. Veniam maxime autem odit quo et unde dolor. Aliquam quia et omnis quod dignissimos dolorum.', 2, '2019-08-16 05:47:05', '2019-08-16 05:47:05'),
(231, 29, 'General Rogahn IV', 'Facere a dolore cum quas. Enim vel quae at voluptatum unde harum eligendi.', 1, '2019-08-16 05:47:05', '2019-08-16 05:47:05'),
(232, 9, 'Prof. Dalton Waters V', 'In adipisci maxime sint eum alias dolore fugit. Ex id aperiam aut numquam sapiente. Quos est porro temporibus. Voluptatem et et tempore velit quia facilis optio exercitationem.', 1, '2019-08-16 05:47:05', '2019-08-16 05:47:05'),
(233, 43, 'Prof. Loyal Willms I', 'Odit consequatur est nihil possimus dicta dolorem. Laudantium minus similique eum ut qui ut. In vel laborum sequi aspernatur.', 4, '2019-08-16 05:47:05', '2019-08-16 05:47:05'),
(234, 40, 'Jerod Bins', 'Iure pariatur omnis optio illo veniam qui repellat optio. Libero enim libero numquam. Suscipit ducimus odio nemo ea nulla ut molestias. Nulla amet suscipit eos.', 5, '2019-08-16 05:47:05', '2019-08-16 05:47:05'),
(235, 3, 'Estrella Wintheiser', 'Error expedita accusamus minus. Aliquam qui quas possimus non mollitia eius. Sit pariatur laborum porro esse nulla est ut fugit. Omnis molestiae ratione est earum.', 2, '2019-08-16 05:47:05', '2019-08-16 05:47:05'),
(236, 6, 'Angie Monahan', 'Laborum dolorum consectetur labore blanditiis. Labore maxime blanditiis nihil omnis eaque modi amet. Consequatur illo enim voluptatem qui rem vitae consequatur. Tempora ut ratione libero ut et.', 5, '2019-08-16 05:47:05', '2019-08-16 05:47:05'),
(237, 42, 'Vada Koelpin', 'Dignissimos perferendis rerum officiis odio consequatur reiciendis architecto. Fugit porro pariatur dignissimos sed repellendus magni. Voluptatibus impedit ut voluptas. Quis omnis odio ut saepe. Iusto in id esse labore.', 0, '2019-08-16 05:47:05', '2019-08-16 05:47:05'),
(238, 29, 'Dr. Woodrow Bednar IV', 'Omnis quidem ut velit officia explicabo. Sequi excepturi molestiae autem possimus.', 4, '2019-08-16 05:47:05', '2019-08-16 05:47:05'),
(239, 14, 'Florida Marquardt', 'Ipsam unde nisi repellat velit magnam id eius et. Quis officia minima quia necessitatibus odio. Quos veniam quo ut qui sit sunt. Reiciendis nemo consequatur et quaerat eaque perspiciatis.', 3, '2019-08-16 05:47:05', '2019-08-16 05:47:05'),
(240, 30, 'Dr. Joan Ziemann Sr.', 'Eos adipisci neque consequatur quaerat voluptatem optio. Et a incidunt rerum laudantium.', 4, '2019-08-16 05:47:05', '2019-08-16 05:47:05'),
(241, 28, 'Dr. Joseph Hane PhD', 'Molestiae sit error repellendus ut fugit modi est facere. Cum non ullam aspernatur perspiciatis magnam quibusdam minima. Vel est ea perspiciatis perferendis ea dolore est qui. A ab inventore hic veniam atque maiores dolorum.', 5, '2019-08-16 05:47:05', '2019-08-16 05:47:05'),
(242, 30, 'Dr. Cheyenne Beier III', 'Autem maxime excepturi quam fuga. Dolor dolor dolorum similique quisquam non quo.', 0, '2019-08-16 05:47:05', '2019-08-16 05:47:05'),
(243, 10, 'Dr. Orin Ullrich', 'Autem non illum eius ullam quos praesentium. Non est magni suscipit atque. Et vitae est aut maxime.', 0, '2019-08-16 05:47:05', '2019-08-16 05:47:05'),
(244, 20, 'Adrien Crooks', 'Consequatur cupiditate impedit explicabo voluptates ad quas. Explicabo autem possimus voluptates voluptas id. Mollitia vel tenetur alias eius temporibus optio illo molestiae. Expedita in nisi ratione debitis consequatur molestiae magnam. Maxime rem autem suscipit error debitis saepe.', 5, '2019-08-16 05:47:05', '2019-08-16 05:47:05'),
(245, 19, 'Eladio Kunze', 'Porro quo qui quo nihil. Nam dignissimos aut ut sint eum itaque omnis impedit. Ut dolores architecto quas dolor sunt harum. Ratione numquam facilis eum doloremque ipsa quod.', 1, '2019-08-16 05:47:05', '2019-08-16 05:47:05'),
(246, 24, 'Kaitlin Kuhlman', 'Ratione et quam in sunt voluptatem numquam enim. Quis vel sit voluptatem impedit enim temporibus sunt. Sapiente ut sit voluptas quia. Quidem pariatur voluptas dolores quia fugit aut sapiente.', 0, '2019-08-16 05:47:05', '2019-08-16 05:47:05'),
(247, 45, 'Rosanna Schaefer', 'Omnis non totam voluptas porro molestiae distinctio eum cum. Est sunt porro consequatur omnis similique dolorem in porro. Voluptas non et minima.', 1, '2019-08-16 05:47:05', '2019-08-16 05:47:05'),
(248, 26, 'Karianne Rosenbaum', 'Qui qui quaerat molestias quas id quia voluptates nobis. Facere consequatur molestiae enim sit perferendis. Et quos voluptates laboriosam quia aspernatur sint.', 0, '2019-08-16 05:47:05', '2019-08-16 05:47:05'),
(249, 50, 'Albina Ankunding', 'Iste quas impedit vitae adipisci. In non itaque aliquid deleniti iusto quibusdam aut. Eaque mollitia voluptatibus qui eligendi quia incidunt accusamus. Aut est vero sit voluptatum illo debitis aliquam.', 4, '2019-08-16 05:47:05', '2019-08-16 05:47:05'),
(250, 32, 'Reinhold Corkery', 'Aspernatur libero vel nihil totam omnis dolores. Est repudiandae minima eos quidem odio molestiae deleniti. Iste nam laboriosam voluptatibus voluptatem corrupti.', 1, '2019-08-16 05:47:05', '2019-08-16 05:47:05'),
(251, 20, 'Odessa Harber IV', 'Maxime temporibus accusamus cum libero consequatur. Vel aliquid totam tempore vel itaque eligendi enim. Voluptatem iure alias voluptatum nihil. Cumque consequatur animi voluptatum ad vitae.', 3, '2019-08-16 05:47:05', '2019-08-16 05:47:05'),
(252, 39, 'Elenora Kerluke', 'Quia et accusamus est eos reiciendis nulla. Tenetur fuga explicabo qui dolores odit ipsa. Repellat accusamus autem nam corporis beatae.', 3, '2019-08-16 05:47:05', '2019-08-16 05:47:05'),
(253, 18, 'Prof. Declan Franecki V', 'Atque asperiores natus asperiores asperiores et minus iste. Quis architecto dolorem deleniti. Quae velit id temporibus voluptatem sint. Qui assumenda saepe modi iusto porro est.', 1, '2019-08-16 05:47:05', '2019-08-16 05:47:05'),
(254, 43, 'Mr. Cecil Hayes V', 'Dolore ullam officiis voluptatibus aut magni rem. Et delectus laboriosam illum rerum voluptatem. Et voluptatem facilis corrupti corrupti. Qui voluptatem distinctio ea maxime omnis recusandae.', 1, '2019-08-16 05:47:05', '2019-08-16 05:47:05'),
(255, 3, 'Keanu Schuster', 'Numquam nihil at dolor. Aut reiciendis alias voluptatem blanditiis officia. Quos velit omnis officia.', 1, '2019-08-16 05:47:05', '2019-08-16 05:47:05'),
(256, 23, 'Prof. Lilyan Gerhold', 'Quaerat labore saepe eveniet occaecati provident voluptate dolor. Eos porro dolores odit labore voluptatibus aperiam veniam. Quo illum ea nihil et alias.', 5, '2019-08-16 05:47:05', '2019-08-16 05:47:05'),
(257, 7, 'Ryley Becker', 'Nostrum assumenda veritatis sed odit sit minima est non. Qui itaque voluptates aut dolorem.', 5, '2019-08-16 05:47:05', '2019-08-16 05:47:05'),
(258, 2, 'Ms. Savannah Bayer MD', 'Quasi harum sint deleniti asperiores sequi. Accusamus consectetur sunt provident at voluptates.', 5, '2019-08-16 05:47:05', '2019-08-16 05:47:05'),
(259, 4, 'Javonte Wolff MD', 'Quasi perferendis veniam qui commodi incidunt tempore velit. Et necessitatibus debitis aut rem assumenda magnam. Deleniti placeat ut enim incidunt cupiditate quaerat laudantium.', 5, '2019-08-16 05:47:05', '2019-08-16 05:47:05'),
(260, 7, 'Kali Fay', 'Quod quia ratione aliquam amet sunt. Aut numquam harum placeat. Accusamus doloribus nulla et incidunt ipsum qui.', 2, '2019-08-16 05:47:05', '2019-08-16 05:47:05'),
(261, 38, 'Janelle Dibbert DVM', 'Nam consectetur iste dolorem. Velit molestias adipisci voluptate amet inventore qui numquam. Ut est quis repellat qui et qui error.', 0, '2019-08-16 05:47:05', '2019-08-16 05:47:05'),
(262, 47, 'Marcellus Will', 'Quis et rerum qui. Perspiciatis maiores iusto qui harum corrupti dolores. Inventore nihil qui et ut consectetur placeat.', 1, '2019-08-16 05:47:05', '2019-08-16 05:47:05'),
(263, 3, 'Martin Ankunding', 'Est aspernatur et consequuntur officia corrupti quam. Voluptate porro id et veritatis. Est ut quam recusandae. Aut non velit ut animi iste voluptates dolore.', 4, '2019-08-16 05:47:05', '2019-08-16 05:47:05'),
(264, 11, 'Mrs. Queenie Fahey', 'Commodi ut itaque dolores voluptatem consectetur incidunt fugit. Voluptas distinctio quaerat quibusdam maiores. Minima et voluptas recusandae.', 3, '2019-08-16 05:47:05', '2019-08-16 05:47:05'),
(265, 36, 'Quinn Daniel', 'Corporis rerum impedit error ut. Enim laboriosam corrupti quis commodi sed. Doloremque impedit est et amet sit. Quasi odio fuga ad inventore aliquid.', 4, '2019-08-16 05:47:05', '2019-08-16 05:47:05'),
(266, 42, 'Claire Bernier', 'Sit debitis atque sed. Reprehenderit sapiente culpa quae. Asperiores reprehenderit molestiae necessitatibus harum fugit omnis quis qui.', 5, '2019-08-16 05:47:05', '2019-08-16 05:47:05'),
(267, 23, 'Miss Amina Price I', 'Debitis architecto sed nobis. Doloribus quo laborum distinctio incidunt quibusdam adipisci. Et ut impedit ullam fuga consequatur dolor. Consequatur dolorem voluptas quos consequatur.', 3, '2019-08-16 05:47:05', '2019-08-16 05:47:05'),
(268, 28, 'Lennie Connelly', 'Minima tempore autem numquam quia recusandae eos. Repellendus et architecto illo consequatur. Aut voluptas dolores incidunt nam minima sapiente impedit.', 4, '2019-08-16 05:47:05', '2019-08-16 05:47:05'),
(269, 14, 'Patricia Hodkiewicz', 'Ad minima fugiat dolorem aliquam. Unde corrupti nostrum dolore fugiat. Amet et similique explicabo eveniet ullam ea consequatur. Nostrum totam aperiam expedita earum excepturi ad ipsa error.', 5, '2019-08-16 05:47:05', '2019-08-16 05:47:05'),
(270, 25, 'Idella Morissette', 'Unde ea sint occaecati id commodi facilis reiciendis. Aut voluptatem eius eum recusandae id et. Eveniet voluptatum officiis doloremque est asperiores. Quod ex ut provident nostrum ea officia est quia.', 4, '2019-08-16 05:47:05', '2019-08-16 05:47:05'),
(271, 22, 'Willy Wisozk', 'Ut facilis quis fuga rerum consectetur eum non culpa. Enim consequuntur debitis repudiandae ut aut et velit. Aut omnis veritatis voluptatem dolor quam. Dolorem assumenda est et molestiae est.', 4, '2019-08-16 05:47:05', '2019-08-16 05:47:05'),
(272, 34, 'Ms. Pink Block MD', 'Eos ullam rerum totam exercitationem aut. Repellendus laboriosam hic ducimus et expedita nisi. Exercitationem dolorum officia voluptatem sunt dicta amet dignissimos tempora.', 5, '2019-08-16 05:47:05', '2019-08-16 05:47:05'),
(273, 19, 'Odie Rice', 'Ut aut ut laborum ad maxime doloremque. Ut beatae et laborum qui. Ab exercitationem suscipit facilis quia. Non non adipisci omnis velit.', 3, '2019-08-16 05:47:05', '2019-08-16 05:47:05'),
(274, 29, 'Ethel Skiles', 'Ut fugiat qui et sit deserunt ad. Repudiandae dolor est asperiores ex omnis dolor eos. Harum corrupti ea ullam fuga ut. Suscipit quidem et facilis ducimus.', 2, '2019-08-16 05:47:05', '2019-08-16 05:47:05'),
(275, 16, 'Mrs. Elna Jacobson', 'Voluptatum architecto explicabo facere quo voluptate. Animi provident assumenda praesentium iure. Itaque quo ratione quod officiis quas dolor.', 2, '2019-08-16 05:47:05', '2019-08-16 05:47:05'),
(276, 36, 'Evan Medhurst', 'Rerum enim dolor provident. Error consequatur sed eaque vitae id aut architecto. Eos cumque sunt ea voluptates fugiat molestiae qui.', 3, '2019-08-16 05:47:05', '2019-08-16 05:47:05'),
(277, 4, 'Jonathan Romaguera PhD', 'Repudiandae unde at possimus. Aut ea aperiam quia repellat aperiam. Maxime vero iure eum aperiam fuga cum eum.', 5, '2019-08-16 05:47:05', '2019-08-16 05:47:05'),
(278, 21, 'Garrison Gulgowski', 'Ut nihil autem quo eos assumenda quia. Iste eum dolorem consequatur ipsum enim aliquid voluptatum. Non et odio reiciendis non accusamus.', 3, '2019-08-16 05:47:05', '2019-08-16 05:47:05'),
(279, 41, 'Delmer Orn', 'Dolores id eos rerum hic. Eligendi nobis est consectetur quisquam. Dolorem modi ratione ipsum et aperiam. Voluptatem suscipit consequatur neque dignissimos tempore voluptatem.', 3, '2019-08-16 05:47:05', '2019-08-16 05:47:05'),
(280, 16, 'Lura Christiansen', 'Nihil sed odio tempore. Aut omnis ullam ut sint odit consequuntur aut.', 5, '2019-08-16 05:47:05', '2019-08-16 05:47:05'),
(281, 37, 'Arely Haley', 'Quibusdam debitis ut ipsa sed. Ipsum est minima omnis exercitationem et. Debitis sit maxime et ipsum sapiente enim ut placeat.', 3, '2019-08-16 05:47:05', '2019-08-16 05:47:05'),
(282, 48, 'Dorcas Conn', 'Qui sed delectus omnis ea ut officia at vel. Consequatur ut occaecati accusamus. Aut magnam eaque debitis et facere. Est non architecto aperiam quibusdam eum ut.', 3, '2019-08-16 05:47:05', '2019-08-16 05:47:05'),
(283, 45, 'Emmie O\'Reilly Jr.', 'Provident nihil quia ea quia non totam iusto. Culpa nemo et saepe adipisci nihil. Veritatis molestiae quaerat commodi.', 4, '2019-08-16 05:47:05', '2019-08-16 05:47:05'),
(284, 40, 'Marguerite Ritchie Sr.', 'Dolorem porro recusandae quasi voluptatem ex similique sint. Inventore eveniet nihil dolorum. Praesentium accusamus corrupti suscipit assumenda laborum amet iure.', 3, '2019-08-16 05:47:05', '2019-08-16 05:47:05'),
(285, 24, 'Khalil Cole', 'Corrupti molestiae fuga qui harum repellat aut. Qui aut distinctio est atque deserunt fuga. Sint voluptatem ullam voluptatem dolorum et.', 4, '2019-08-16 05:47:05', '2019-08-16 05:47:05'),
(286, 10, 'Kaley Rempel', 'Fuga eligendi animi autem atque quis provident. Ratione aperiam in rerum perferendis quisquam sed qui totam. Aut et earum fugit.', 5, '2019-08-16 05:47:05', '2019-08-16 05:47:05'),
(287, 49, 'Mrs. Jennie Lehner II', 'Quis eveniet cupiditate numquam rerum sint sit. Esse eum cupiditate velit ullam sed. Voluptates nobis qui fugiat quia qui. Sapiente delectus voluptas nihil quas quae magni.', 5, '2019-08-16 05:47:05', '2019-08-16 05:47:05'),
(288, 25, 'Connor Hermann', 'Accusamus magnam veniam quos aut doloremque fugit culpa. Sint est architecto rerum similique error odio consequatur. Cumque aut quos perspiciatis quos nihil. Exercitationem eos adipisci rerum molestiae non.', 5, '2019-08-16 05:47:05', '2019-08-16 05:47:05'),
(289, 23, 'Nicklaus Thiel', 'Dolorem dolores dolorem consequatur similique. Aliquam vel odit doloribus quis reprehenderit quo repudiandae accusamus. Ut sit voluptatem perspiciatis ut et.', 3, '2019-08-16 05:47:05', '2019-08-16 05:47:05'),
(290, 49, 'Dr. Jodie Stokes', 'Et eos sed non sed et rem. At et asperiores vitae mollitia ullam. Eius ut iure quia et aut.', 2, '2019-08-16 05:47:05', '2019-08-16 05:47:05'),
(291, 13, 'Else Wilkinson', 'Velit consequuntur consequatur fugiat delectus corporis blanditiis eveniet. Temporibus quas perspiciatis nihil est sit quod dolores vel. Id sed qui sunt temporibus earum aspernatur possimus.', 2, '2019-08-16 05:47:05', '2019-08-16 05:47:05'),
(292, 11, 'Vicky Reinger', 'Quisquam voluptas magni cupiditate et. Illum corrupti rerum qui maiores laudantium autem quis. Quis magnam praesentium delectus omnis rerum dolorem accusamus. Aut illo iste autem dolores rerum alias voluptate.', 2, '2019-08-16 05:47:05', '2019-08-16 05:47:05'),
(293, 40, 'Raheem Kuhic', 'Quia occaecati vitae blanditiis quae. Ut ab magnam nam illum nulla dolores ut autem. Est qui aliquam et itaque qui.', 1, '2019-08-16 05:47:05', '2019-08-16 05:47:05'),
(294, 30, 'Dr. Ward Legros', 'Ipsa quisquam accusamus architecto quisquam. Numquam culpa voluptas at aut quia. Libero vel fuga eos est possimus occaecati recusandae eum. Voluptatum exercitationem quis quam.', 2, '2019-08-16 05:47:05', '2019-08-16 05:47:05'),
(295, 32, 'Crystel Osinski', 'Et non est esse deleniti. Perferendis est et et enim architecto. Asperiores ea impedit porro iusto.', 0, '2019-08-16 05:47:05', '2019-08-16 05:47:05'),
(296, 33, 'Marcella Turner', 'Autem nemo dolore voluptas vel nesciunt. Laboriosam voluptatem ratione officiis qui ipsa debitis. Labore sit consequuntur libero et aut ex aliquam odio. Nihil quas qui non et.', 3, '2019-08-16 05:47:05', '2019-08-16 05:47:05'),
(297, 9, 'Odell Lueilwitz', 'Voluptatem ut voluptatem cum labore eligendi ut voluptas. Sed alias totam ut occaecati blanditiis officiis vero. Et velit tempora reiciendis vel non.', 1, '2019-08-16 05:47:05', '2019-08-16 05:47:05'),
(298, 40, 'Mathilde Kihn', 'Cumque maiores repellat commodi. Non et repellat molestiae voluptates non rerum dicta. Quaerat cupiditate consequatur non sed aut sunt quas. Qui debitis veniam qui consectetur.', 2, '2019-08-16 05:47:05', '2019-08-16 05:47:05'),
(299, 38, 'Aleen Haley', 'Enim dolores veritatis dignissimos laboriosam earum impedit. Qui in totam iste nam pariatur omnis aut. Sequi eius ea quia non natus vel.', 3, '2019-08-16 05:47:05', '2019-08-16 05:47:05'),
(300, 23, 'Saige Wilkinson II', 'Est maxime fugiat est provident dolor. Nihil voluptatem sit eveniet et architecto non. Enim minus consequatur odit a blanditiis voluptatem. Doloremque odio voluptatem repellat doloribus.', 0, '2019-08-16 05:47:05', '2019-08-16 05:47:05');

-- --------------------------------------------------------

--
-- Tablo için tablo yapısı `users`
--

DROP TABLE IF EXISTS `users`;
CREATE TABLE IF NOT EXISTS `users` (
  `id` bigint(20) UNSIGNED NOT NULL AUTO_INCREMENT,
  `name` varchar(255) COLLATE utf8mb4_unicode_ci NOT NULL,
  `email` varchar(255) COLLATE utf8mb4_unicode_ci NOT NULL,
  `email_verified_at` timestamp NULL DEFAULT NULL,
  `password` varchar(255) COLLATE utf8mb4_unicode_ci NOT NULL,
  `remember_token` varchar(100) COLLATE utf8mb4_unicode_ci DEFAULT NULL,
  `created_at` timestamp NULL DEFAULT NULL,
  `updated_at` timestamp NULL DEFAULT NULL,
  PRIMARY KEY (`id`),
  UNIQUE KEY `users_email_unique` (`email`)
) ENGINE=InnoDB DEFAULT CHARSET=utf8mb4 COLLATE=utf8mb4_unicode_ci;

--
-- Dökümü yapılmış tablolar için kısıtlamalar
--

--
-- Tablo kısıtlamaları `reviews`
--
ALTER TABLE `reviews`
  ADD CONSTRAINT `reviews_product_id_foreign` FOREIGN KEY (`product_id`) REFERENCES `products` (`id`) ON DELETE CASCADE;
COMMIT;

/*!40101 SET CHARACTER_SET_CLIENT=@OLD_CHARACTER_SET_CLIENT */;
/*!40101 SET CHARACTER_SET_RESULTS=@OLD_CHARACTER_SET_RESULTS */;
/*!40101 SET COLLATION_CONNECTION=@OLD_COLLATION_CONNECTION */;
